ISO-10303-21;
HEADER;
/* Generated by software containing ST-Developer
 * from STEP Tools, Inc. (www.steptools.com) 
 */

FILE_DESCRIPTION(
/* description */ (''),
/* implementation_level */ '2;1');

FILE_NAME(
/* name */ 'Macropad_Case.step',
/* time_stamp */ '2026-07-10T17:20:07+06:00',
/* author */ (''),
/* organization */ (''),
/* preprocessor_version */ 'ST-DEVELOPER v20.1',
/* originating_system */ 'Autodesk Translation Framework v15.8.0.0',
/* authorisation */ '');

FILE_SCHEMA (('AUTOMOTIVE_DESIGN { 1 0 10303 214 3 1 1 }'));
ENDSEC;

DATA;
#10=MECHANICAL_DESIGN_GEOMETRIC_PRESENTATION_REPRESENTATION('',(#13),#3359);
#11=SHAPE_REPRESENTATION_RELATIONSHIP('SRR','None',#3366,#12);
#12=ADVANCED_BREP_SHAPE_REPRESENTATION('',(#14),#3358);
#13=STYLED_ITEM('',(#3375),#14);
#14=MANIFOLD_SOLID_BREP('Body1',#2150);
#15=CYLINDRICAL_SURFACE('',#2206,10.6356721072522);
#16=CIRCLE('',#2173,10.6356721072522);
#17=CIRCLE('',#2200,10.6356721072522);
#18=FACE_BOUND('',#154,.T.);
#19=FACE_BOUND('',#155,.T.);
#20=FACE_BOUND('',#156,.T.);
#21=FACE_BOUND('',#157,.T.);
#22=FACE_BOUND('',#158,.T.);
#23=FACE_BOUND('',#159,.T.);
#24=FACE_BOUND('',#160,.T.);
#25=FACE_BOUND('',#161,.T.);
#26=FACE_BOUND('',#162,.T.);
#27=FACE_BOUND('',#163,.T.);
#28=FACE_BOUND('',#164,.T.);
#29=FACE_BOUND('',#165,.T.);
#30=FACE_BOUND('',#166,.T.);
#31=FACE_BOUND('',#167,.T.);
#32=FACE_BOUND('',#179,.T.);
#33=FACE_BOUND('',#195,.T.);
#34=FACE_BOUND('',#196,.T.);
#35=FACE_BOUND('',#197,.T.);
#36=FACE_BOUND('',#198,.T.);
#37=FACE_BOUND('',#199,.T.);
#38=FACE_BOUND('',#200,.T.);
#39=FACE_BOUND('',#201,.T.);
#40=FACE_BOUND('',#202,.T.);
#41=FACE_BOUND('',#203,.T.);
#42=FACE_BOUND('',#204,.T.);
#43=FACE_BOUND('',#205,.T.);
#44=FACE_BOUND('',#206,.T.);
#45=FACE_BOUND('',#207,.T.);
#46=FACE_BOUND('',#208,.T.);
#47=FACE_OUTER_BOUND('',#145,.T.);
#48=FACE_OUTER_BOUND('',#146,.T.);
#49=FACE_OUTER_BOUND('',#147,.T.);
#50=FACE_OUTER_BOUND('',#148,.T.);
#51=FACE_OUTER_BOUND('',#149,.T.);
#52=FACE_OUTER_BOUND('',#150,.T.);
#53=FACE_OUTER_BOUND('',#151,.T.);
#54=FACE_OUTER_BOUND('',#152,.T.);
#55=FACE_OUTER_BOUND('',#153,.T.);
#56=FACE_OUTER_BOUND('',#168,.T.);
#57=FACE_OUTER_BOUND('',#169,.T.);
#58=FACE_OUTER_BOUND('',#170,.T.);
#59=FACE_OUTER_BOUND('',#171,.T.);
#60=FACE_OUTER_BOUND('',#172,.T.);
#61=FACE_OUTER_BOUND('',#173,.T.);
#62=FACE_OUTER_BOUND('',#174,.T.);
#63=FACE_OUTER_BOUND('',#175,.T.);
#64=FACE_OUTER_BOUND('',#176,.T.);
#65=FACE_OUTER_BOUND('',#177,.T.);
#66=FACE_OUTER_BOUND('',#178,.T.);
#67=FACE_OUTER_BOUND('',#180,.T.);
#68=FACE_OUTER_BOUND('',#181,.T.);
#69=FACE_OUTER_BOUND('',#182,.T.);
#70=FACE_OUTER_BOUND('',#183,.T.);
#71=FACE_OUTER_BOUND('',#184,.T.);
#72=FACE_OUTER_BOUND('',#185,.T.);
#73=FACE_OUTER_BOUND('',#186,.T.);
#74=FACE_OUTER_BOUND('',#187,.T.);
#75=FACE_OUTER_BOUND('',#188,.T.);
#76=FACE_OUTER_BOUND('',#189,.T.);
#77=FACE_OUTER_BOUND('',#190,.T.);
#78=FACE_OUTER_BOUND('',#191,.T.);
#79=FACE_OUTER_BOUND('',#192,.T.);
#80=FACE_OUTER_BOUND('',#193,.T.);
#81=FACE_OUTER_BOUND('',#194,.T.);
#82=FACE_OUTER_BOUND('',#209,.T.);
#83=FACE_OUTER_BOUND('',#210,.T.);
#84=FACE_OUTER_BOUND('',#211,.T.);
#85=FACE_OUTER_BOUND('',#212,.T.);
#86=FACE_OUTER_BOUND('',#213,.T.);
#87=FACE_OUTER_BOUND('',#214,.T.);
#88=FACE_OUTER_BOUND('',#215,.T.);
#89=FACE_OUTER_BOUND('',#216,.T.);
#90=FACE_OUTER_BOUND('',#217,.T.);
#91=FACE_OUTER_BOUND('',#218,.T.);
#92=FACE_OUTER_BOUND('',#219,.T.);
#93=FACE_OUTER_BOUND('',#220,.T.);
#94=FACE_OUTER_BOUND('',#221,.T.);
#95=FACE_OUTER_BOUND('',#222,.T.);
#96=FACE_OUTER_BOUND('',#223,.T.);
#97=FACE_OUTER_BOUND('',#224,.T.);
#98=FACE_OUTER_BOUND('',#225,.T.);
#99=FACE_OUTER_BOUND('',#226,.T.);
#100=FACE_OUTER_BOUND('',#227,.T.);
#101=FACE_OUTER_BOUND('',#228,.T.);
#102=FACE_OUTER_BOUND('',#229,.T.);
#103=FACE_OUTER_BOUND('',#230,.T.);
#104=FACE_OUTER_BOUND('',#231,.T.);
#105=FACE_OUTER_BOUND('',#232,.T.);
#106=FACE_OUTER_BOUND('',#233,.T.);
#107=FACE_OUTER_BOUND('',#234,.T.);
#108=FACE_OUTER_BOUND('',#235,.T.);
#109=FACE_OUTER_BOUND('',#236,.T.);
#110=FACE_OUTER_BOUND('',#237,.T.);
#111=FACE_OUTER_BOUND('',#238,.T.);
#112=FACE_OUTER_BOUND('',#239,.T.);
#113=FACE_OUTER_BOUND('',#240,.T.);
#114=FACE_OUTER_BOUND('',#241,.T.);
#115=FACE_OUTER_BOUND('',#242,.T.);
#116=FACE_OUTER_BOUND('',#243,.T.);
#117=FACE_OUTER_BOUND('',#244,.T.);
#118=FACE_OUTER_BOUND('',#245,.T.);
#119=FACE_OUTER_BOUND('',#246,.T.);
#120=FACE_OUTER_BOUND('',#247,.T.);
#121=FACE_OUTER_BOUND('',#248,.T.);
#122=FACE_OUTER_BOUND('',#249,.T.);
#123=FACE_OUTER_BOUND('',#250,.T.);
#124=FACE_OUTER_BOUND('',#251,.T.);
#125=FACE_OUTER_BOUND('',#252,.T.);
#126=FACE_OUTER_BOUND('',#253,.T.);
#127=FACE_OUTER_BOUND('',#254,.T.);
#128=FACE_OUTER_BOUND('',#255,.T.);
#129=FACE_OUTER_BOUND('',#256,.T.);
#130=FACE_OUTER_BOUND('',#257,.T.);
#131=FACE_OUTER_BOUND('',#258,.T.);
#132=FACE_OUTER_BOUND('',#259,.T.);
#133=FACE_OUTER_BOUND('',#260,.T.);
#134=FACE_OUTER_BOUND('',#261,.T.);
#135=FACE_OUTER_BOUND('',#262,.T.);
#136=FACE_OUTER_BOUND('',#263,.T.);
#137=FACE_OUTER_BOUND('',#264,.T.);
#138=FACE_OUTER_BOUND('',#265,.T.);
#139=FACE_OUTER_BOUND('',#266,.T.);
#140=FACE_OUTER_BOUND('',#267,.T.);
#141=FACE_OUTER_BOUND('',#268,.T.);
#142=FACE_OUTER_BOUND('',#269,.T.);
#143=FACE_OUTER_BOUND('',#270,.T.);
#144=FACE_OUTER_BOUND('',#271,.T.);
#145=EDGE_LOOP('',(#1359,#1360,#1361,#1362));
#146=EDGE_LOOP('',(#1363,#1364,#1365,#1366));
#147=EDGE_LOOP('',(#1367,#1368,#1369,#1370));
#148=EDGE_LOOP('',(#1371,#1372,#1373,#1374,#1375,#1376,#1377,#1378,#1379,
#1380,#1381,#1382,#1383,#1384,#1385));
#149=EDGE_LOOP('',(#1386,#1387,#1388,#1389));
#150=EDGE_LOOP('',(#1390,#1391,#1392,#1393));
#151=EDGE_LOOP('',(#1394,#1395,#1396,#1397));
#152=EDGE_LOOP('',(#1398,#1399,#1400,#1401,#1402,#1403,#1404,#1405,#1406,
#1407,#1408));
#153=EDGE_LOOP('',(#1409,#1410,#1411,#1412,#1413,#1414,#1415,#1416));
#154=EDGE_LOOP('',(#1417,#1418,#1419,#1420));
#155=EDGE_LOOP('',(#1421,#1422,#1423,#1424));
#156=EDGE_LOOP('',(#1425,#1426,#1427,#1428));
#157=EDGE_LOOP('',(#1429,#1430,#1431,#1432));
#158=EDGE_LOOP('',(#1433,#1434,#1435,#1436));
#159=EDGE_LOOP('',(#1437,#1438,#1439,#1440));
#160=EDGE_LOOP('',(#1441,#1442,#1443,#1444));
#161=EDGE_LOOP('',(#1445,#1446,#1447,#1448));
#162=EDGE_LOOP('',(#1449,#1450,#1451,#1452));
#163=EDGE_LOOP('',(#1453,#1454,#1455,#1456));
#164=EDGE_LOOP('',(#1457,#1458,#1459,#1460));
#165=EDGE_LOOP('',(#1461,#1462,#1463,#1464));
#166=EDGE_LOOP('',(#1465));
#167=EDGE_LOOP('',(#1466,#1467,#1468,#1469));
#168=EDGE_LOOP('',(#1470,#1471,#1472,#1473));
#169=EDGE_LOOP('',(#1474,#1475,#1476,#1477));
#170=EDGE_LOOP('',(#1478,#1479,#1480,#1481,#1482,#1483,#1484,#1485));
#171=EDGE_LOOP('',(#1486,#1487,#1488,#1489));
#172=EDGE_LOOP('',(#1490,#1491,#1492,#1493));
#173=EDGE_LOOP('',(#1494,#1495,#1496,#1497));
#174=EDGE_LOOP('',(#1498,#1499,#1500,#1501));
#175=EDGE_LOOP('',(#1502,#1503,#1504,#1505));
#176=EDGE_LOOP('',(#1506,#1507,#1508,#1509));
#177=EDGE_LOOP('',(#1510,#1511,#1512,#1513));
#178=EDGE_LOOP('',(#1514,#1515,#1516,#1517,#1518,#1519,#1520,#1521,#1522,
#1523,#1524,#1525,#1526,#1527,#1528,#1529,#1530,#1531,#1532,#1533,#1534,
#1535,#1536,#1537,#1538,#1539,#1540,#1541,#1542));
#179=EDGE_LOOP('',(#1543,#1544,#1545,#1546));
#180=EDGE_LOOP('',(#1547,#1548,#1549,#1550));
#181=EDGE_LOOP('',(#1551,#1552,#1553,#1554));
#182=EDGE_LOOP('',(#1555,#1556,#1557,#1558));
#183=EDGE_LOOP('',(#1559,#1560,#1561,#1562,#1563,#1564,#1565));
#184=EDGE_LOOP('',(#1566,#1567,#1568,#1569));
#185=EDGE_LOOP('',(#1570,#1571,#1572,#1573));
#186=EDGE_LOOP('',(#1574,#1575,#1576,#1577,#1578,#1579));
#187=EDGE_LOOP('',(#1580,#1581,#1582,#1583,#1584,#1585));
#188=EDGE_LOOP('',(#1586,#1587,#1588,#1589,#1590,#1591,#1592,#1593));
#189=EDGE_LOOP('',(#1594,#1595,#1596,#1597,#1598,#1599,#1600,#1601,#1602,
#1603,#1604,#1605,#1606,#1607,#1608,#1609,#1610,#1611,#1612,#1613,#1614,
#1615,#1616,#1617,#1618,#1619,#1620));
#190=EDGE_LOOP('',(#1621,#1622,#1623,#1624));
#191=EDGE_LOOP('',(#1625,#1626,#1627,#1628));
#192=EDGE_LOOP('',(#1629,#1630,#1631,#1632));
#193=EDGE_LOOP('',(#1633,#1634,#1635,#1636));
#194=EDGE_LOOP('',(#1637,#1638,#1639,#1640));
#195=EDGE_LOOP('',(#1641,#1642,#1643,#1644));
#196=EDGE_LOOP('',(#1645));
#197=EDGE_LOOP('',(#1646,#1647,#1648,#1649));
#198=EDGE_LOOP('',(#1650,#1651,#1652,#1653));
#199=EDGE_LOOP('',(#1654,#1655,#1656,#1657));
#200=EDGE_LOOP('',(#1658,#1659,#1660,#1661));
#201=EDGE_LOOP('',(#1662,#1663,#1664,#1665));
#202=EDGE_LOOP('',(#1666,#1667,#1668,#1669));
#203=EDGE_LOOP('',(#1670,#1671,#1672,#1673));
#204=EDGE_LOOP('',(#1674,#1675,#1676,#1677));
#205=EDGE_LOOP('',(#1678,#1679,#1680,#1681));
#206=EDGE_LOOP('',(#1682,#1683,#1684,#1685));
#207=EDGE_LOOP('',(#1686,#1687,#1688,#1689));
#208=EDGE_LOOP('',(#1690,#1691,#1692,#1693));
#209=EDGE_LOOP('',(#1694,#1695,#1696,#1697));
#210=EDGE_LOOP('',(#1698,#1699,#1700,#1701));
#211=EDGE_LOOP('',(#1702,#1703,#1704,#1705));
#212=EDGE_LOOP('',(#1706,#1707,#1708,#1709));
#213=EDGE_LOOP('',(#1710,#1711,#1712,#1713));
#214=EDGE_LOOP('',(#1714,#1715,#1716,#1717));
#215=EDGE_LOOP('',(#1718,#1719,#1720,#1721));
#216=EDGE_LOOP('',(#1722,#1723,#1724,#1725));
#217=EDGE_LOOP('',(#1726,#1727,#1728,#1729));
#218=EDGE_LOOP('',(#1730,#1731,#1732,#1733));
#219=EDGE_LOOP('',(#1734,#1735,#1736,#1737));
#220=EDGE_LOOP('',(#1738,#1739,#1740,#1741));
#221=EDGE_LOOP('',(#1742,#1743,#1744,#1745));
#222=EDGE_LOOP('',(#1746,#1747,#1748,#1749));
#223=EDGE_LOOP('',(#1750,#1751,#1752,#1753));
#224=EDGE_LOOP('',(#1754,#1755,#1756,#1757));
#225=EDGE_LOOP('',(#1758,#1759,#1760,#1761));
#226=EDGE_LOOP('',(#1762,#1763,#1764,#1765));
#227=EDGE_LOOP('',(#1766,#1767,#1768,#1769));
#228=EDGE_LOOP('',(#1770,#1771,#1772,#1773));
#229=EDGE_LOOP('',(#1774,#1775,#1776,#1777));
#230=EDGE_LOOP('',(#1778,#1779,#1780,#1781));
#231=EDGE_LOOP('',(#1782,#1783,#1784,#1785));
#232=EDGE_LOOP('',(#1786,#1787,#1788,#1789));
#233=EDGE_LOOP('',(#1790,#1791,#1792,#1793));
#234=EDGE_LOOP('',(#1794,#1795,#1796,#1797));
#235=EDGE_LOOP('',(#1798,#1799,#1800,#1801));
#236=EDGE_LOOP('',(#1802,#1803,#1804,#1805));
#237=EDGE_LOOP('',(#1806,#1807,#1808,#1809));
#238=EDGE_LOOP('',(#1810,#1811,#1812,#1813));
#239=EDGE_LOOP('',(#1814,#1815,#1816,#1817));
#240=EDGE_LOOP('',(#1818,#1819,#1820,#1821));
#241=EDGE_LOOP('',(#1822,#1823,#1824,#1825));
#242=EDGE_LOOP('',(#1826,#1827,#1828,#1829));
#243=EDGE_LOOP('',(#1830,#1831,#1832,#1833));
#244=EDGE_LOOP('',(#1834,#1835,#1836,#1837));
#245=EDGE_LOOP('',(#1838,#1839,#1840,#1841));
#246=EDGE_LOOP('',(#1842,#1843,#1844,#1845));
#247=EDGE_LOOP('',(#1846,#1847,#1848,#1849));
#248=EDGE_LOOP('',(#1850,#1851,#1852,#1853));
#249=EDGE_LOOP('',(#1854,#1855,#1856,#1857));
#250=EDGE_LOOP('',(#1858,#1859,#1860,#1861));
#251=EDGE_LOOP('',(#1862,#1863,#1864,#1865));
#252=EDGE_LOOP('',(#1866,#1867,#1868,#1869));
#253=EDGE_LOOP('',(#1870,#1871,#1872,#1873));
#254=EDGE_LOOP('',(#1874,#1875,#1876,#1877));
#255=EDGE_LOOP('',(#1878,#1879,#1880,#1881));
#256=EDGE_LOOP('',(#1882,#1883,#1884,#1885));
#257=EDGE_LOOP('',(#1886,#1887,#1888,#1889));
#258=EDGE_LOOP('',(#1890,#1891,#1892,#1893));
#259=EDGE_LOOP('',(#1894,#1895,#1896,#1897));
#260=EDGE_LOOP('',(#1898,#1899,#1900,#1901));
#261=EDGE_LOOP('',(#1902,#1903,#1904,#1905));
#262=EDGE_LOOP('',(#1906,#1907,#1908,#1909));
#263=EDGE_LOOP('',(#1910,#1911,#1912,#1913));
#264=EDGE_LOOP('',(#1914,#1915,#1916,#1917,#1918,#1919,#1920,#1921));
#265=EDGE_LOOP('',(#1922,#1923,#1924,#1925));
#266=EDGE_LOOP('',(#1926,#1927,#1928,#1929));
#267=EDGE_LOOP('',(#1930,#1931,#1932,#1933,#1934,#1935,#1936,#1937));
#268=EDGE_LOOP('',(#1938,#1939,#1940,#1941));
#269=EDGE_LOOP('',(#1942,#1943,#1944,#1945));
#270=EDGE_LOOP('',(#1946,#1947,#1948,#1949,#1950));
#271=EDGE_LOOP('',(#1951,#1952,#1953,#1954));
#272=LINE('',#2766,#568);
#273=LINE('',#2768,#569);
#274=LINE('',#2770,#570);
#275=LINE('',#2771,#571);
#276=LINE('',#2774,#572);
#277=LINE('',#2776,#573);
#278=LINE('',#2777,#574);
#279=LINE('',#2780,#575);
#280=LINE('',#2782,#576);
#281=LINE('',#2783,#577);
#282=LINE('',#2786,#578);
#283=LINE('',#2788,#579);
#284=LINE('',#2790,#580);
#285=LINE('',#2792,#581);
#286=LINE('',#2794,#582);
#287=LINE('',#2796,#583);
#288=LINE('',#2798,#584);
#289=LINE('',#2800,#585);
#290=LINE('',#2802,#586);
#291=LINE('',#2804,#587);
#292=LINE('',#2806,#588);
#293=LINE('',#2807,#589);
#294=LINE('',#2811,#590);
#295=LINE('',#2813,#591);
#296=LINE('',#2815,#592);
#297=LINE('',#2816,#593);
#298=LINE('',#2819,#594);
#299=LINE('',#2821,#595);
#300=LINE('',#2822,#596);
#301=LINE('',#2826,#597);
#302=LINE('',#2828,#598);
#303=LINE('',#2830,#599);
#304=LINE('',#2831,#600);
#305=LINE('',#2834,#601);
#306=LINE('',#2836,#602);
#307=LINE('',#2838,#603);
#308=LINE('',#2840,#604);
#309=LINE('',#2842,#605);
#310=LINE('',#2843,#606);
#311=LINE('',#2845,#607);
#312=LINE('',#2846,#608);
#313=LINE('',#2849,#609);
#314=LINE('',#2850,#610);
#315=LINE('',#2852,#611);
#316=LINE('',#2854,#612);
#317=LINE('',#2856,#613);
#318=LINE('',#2857,#614);
#319=LINE('',#2860,#615);
#320=LINE('',#2862,#616);
#321=LINE('',#2864,#617);
#322=LINE('',#2865,#618);
#323=LINE('',#2868,#619);
#324=LINE('',#2870,#620);
#325=LINE('',#2872,#621);
#326=LINE('',#2873,#622);
#327=LINE('',#2876,#623);
#328=LINE('',#2878,#624);
#329=LINE('',#2880,#625);
#330=LINE('',#2881,#626);
#331=LINE('',#2884,#627);
#332=LINE('',#2886,#628);
#333=LINE('',#2888,#629);
#334=LINE('',#2889,#630);
#335=LINE('',#2892,#631);
#336=LINE('',#2894,#632);
#337=LINE('',#2896,#633);
#338=LINE('',#2897,#634);
#339=LINE('',#2900,#635);
#340=LINE('',#2902,#636);
#341=LINE('',#2904,#637);
#342=LINE('',#2905,#638);
#343=LINE('',#2908,#639);
#344=LINE('',#2910,#640);
#345=LINE('',#2912,#641);
#346=LINE('',#2913,#642);
#347=LINE('',#2916,#643);
#348=LINE('',#2918,#644);
#349=LINE('',#2920,#645);
#350=LINE('',#2921,#646);
#351=LINE('',#2924,#647);
#352=LINE('',#2926,#648);
#353=LINE('',#2928,#649);
#354=LINE('',#2929,#650);
#355=LINE('',#2932,#651);
#356=LINE('',#2934,#652);
#357=LINE('',#2936,#653);
#358=LINE('',#2937,#654);
#359=LINE('',#2940,#655);
#360=LINE('',#2942,#656);
#361=LINE('',#2944,#657);
#362=LINE('',#2945,#658);
#363=LINE('',#2948,#659);
#364=LINE('',#2950,#660);
#365=LINE('',#2952,#661);
#366=LINE('',#2953,#662);
#367=LINE('',#2958,#663);
#368=LINE('',#2960,#664);
#369=LINE('',#2962,#665);
#370=LINE('',#2963,#666);
#371=LINE('',#2965,#667);
#372=LINE('',#2966,#668);
#373=LINE('',#2968,#669);
#374=LINE('',#2969,#670);
#375=LINE('',#2971,#671);
#376=LINE('',#2972,#672);
#377=LINE('',#2974,#673);
#378=LINE('',#2977,#674);
#379=LINE('',#2978,#675);
#380=LINE('',#2982,#676);
#381=LINE('',#2984,#677);
#382=LINE('',#2986,#678);
#383=LINE('',#2987,#679);
#384=LINE('',#2991,#680);
#385=LINE('',#2992,#681);
#386=LINE('',#2993,#682);
#387=LINE('',#2996,#683);
#388=LINE('',#2998,#684);
#389=LINE('',#2999,#685);
#390=LINE('',#3003,#686);
#391=LINE('',#3005,#687);
#392=LINE('',#3007,#688);
#393=LINE('',#3008,#689);
#394=LINE('',#3010,#690);
#395=LINE('',#3011,#691);
#396=LINE('',#3014,#692);
#397=LINE('',#3016,#693);
#398=LINE('',#3018,#694);
#399=LINE('',#3020,#695);
#400=LINE('',#3022,#696);
#401=LINE('',#3024,#697);
#402=LINE('',#3026,#698);
#403=LINE('',#3028,#699);
#404=LINE('',#3029,#700);
#405=LINE('',#3031,#701);
#406=LINE('',#3033,#702);
#407=LINE('',#3035,#703);
#408=LINE('',#3037,#704);
#409=LINE('',#3039,#705);
#410=LINE('',#3041,#706);
#411=LINE('',#3043,#707);
#412=LINE('',#3045,#708);
#413=LINE('',#3047,#709);
#414=LINE('',#3049,#710);
#415=LINE('',#3051,#711);
#416=LINE('',#3053,#712);
#417=LINE('',#3054,#713);
#418=LINE('',#3057,#714);
#419=LINE('',#3059,#715);
#420=LINE('',#3060,#716);
#421=LINE('',#3063,#717);
#422=LINE('',#3065,#718);
#423=LINE('',#3066,#719);
#424=LINE('',#3069,#720);
#425=LINE('',#3070,#721);
#426=LINE('',#3073,#722);
#427=LINE('',#3074,#723);
#428=LINE('',#3076,#724);
#429=LINE('',#3077,#725);
#430=LINE('',#3080,#726);
#431=LINE('',#3081,#727);
#432=LINE('',#3083,#728);
#433=LINE('',#3087,#729);
#434=LINE('',#3088,#730);
#435=LINE('',#3090,#731);
#436=LINE('',#3091,#732);
#437=LINE('',#3094,#733);
#438=LINE('',#3095,#734);
#439=LINE('',#3097,#735);
#440=LINE('',#3098,#736);
#441=LINE('',#3099,#737);
#442=LINE('',#3101,#738);
#443=LINE('',#3103,#739);
#444=LINE('',#3105,#740);
#445=LINE('',#3107,#741);
#446=LINE('',#3109,#742);
#447=LINE('',#3111,#743);
#448=LINE('',#3113,#744);
#449=LINE('',#3115,#745);
#450=LINE('',#3116,#746);
#451=LINE('',#3117,#747);
#452=LINE('',#3119,#748);
#453=LINE('',#3120,#749);
#454=LINE('',#3123,#750);
#455=LINE('',#3125,#751);
#456=LINE('',#3127,#752);
#457=LINE('',#3130,#753);
#458=LINE('',#3132,#754);
#459=LINE('',#3134,#755);
#460=LINE('',#3135,#756);
#461=LINE('',#3140,#757);
#462=LINE('',#3142,#758);
#463=LINE('',#3144,#759);
#464=LINE('',#3145,#760);
#465=LINE('',#3148,#761);
#466=LINE('',#3150,#762);
#467=LINE('',#3152,#763);
#468=LINE('',#3153,#764);
#469=LINE('',#3156,#765);
#470=LINE('',#3158,#766);
#471=LINE('',#3160,#767);
#472=LINE('',#3161,#768);
#473=LINE('',#3164,#769);
#474=LINE('',#3166,#770);
#475=LINE('',#3168,#771);
#476=LINE('',#3169,#772);
#477=LINE('',#3172,#773);
#478=LINE('',#3174,#774);
#479=LINE('',#3176,#775);
#480=LINE('',#3177,#776);
#481=LINE('',#3180,#777);
#482=LINE('',#3182,#778);
#483=LINE('',#3184,#779);
#484=LINE('',#3185,#780);
#485=LINE('',#3188,#781);
#486=LINE('',#3190,#782);
#487=LINE('',#3192,#783);
#488=LINE('',#3193,#784);
#489=LINE('',#3196,#785);
#490=LINE('',#3198,#786);
#491=LINE('',#3200,#787);
#492=LINE('',#3201,#788);
#493=LINE('',#3204,#789);
#494=LINE('',#3206,#790);
#495=LINE('',#3208,#791);
#496=LINE('',#3209,#792);
#497=LINE('',#3212,#793);
#498=LINE('',#3214,#794);
#499=LINE('',#3216,#795);
#500=LINE('',#3217,#796);
#501=LINE('',#3220,#797);
#502=LINE('',#3222,#798);
#503=LINE('',#3224,#799);
#504=LINE('',#3225,#800);
#505=LINE('',#3228,#801);
#506=LINE('',#3230,#802);
#507=LINE('',#3232,#803);
#508=LINE('',#3233,#804);
#509=LINE('',#3235,#805);
#510=LINE('',#3237,#806);
#511=LINE('',#3238,#807);
#512=LINE('',#3240,#808);
#513=LINE('',#3242,#809);
#514=LINE('',#3245,#810);
#515=LINE('',#3247,#811);
#516=LINE('',#3248,#812);
#517=LINE('',#3250,#813);
#518=LINE('',#3252,#814);
#519=LINE('',#3255,#815);
#520=LINE('',#3256,#816);
#521=LINE('',#3258,#817);
#522=LINE('',#3260,#818);
#523=LINE('',#3263,#819);
#524=LINE('',#3264,#820);
#525=LINE('',#3266,#821);
#526=LINE('',#3268,#822);
#527=LINE('',#3271,#823);
#528=LINE('',#3272,#824);
#529=LINE('',#3274,#825);
#530=LINE('',#3276,#826);
#531=LINE('',#3279,#827);
#532=LINE('',#3280,#828);
#533=LINE('',#3282,#829);
#534=LINE('',#3284,#830);
#535=LINE('',#3287,#831);
#536=LINE('',#3288,#832);
#537=LINE('',#3290,#833);
#538=LINE('',#3292,#834);
#539=LINE('',#3295,#835);
#540=LINE('',#3296,#836);
#541=LINE('',#3298,#837);
#542=LINE('',#3300,#838);
#543=LINE('',#3303,#839);
#544=LINE('',#3304,#840);
#545=LINE('',#3306,#841);
#546=LINE('',#3308,#842);
#547=LINE('',#3311,#843);
#548=LINE('',#3312,#844);
#549=LINE('',#3314,#845);
#550=LINE('',#3316,#846);
#551=LINE('',#3319,#847);
#552=LINE('',#3320,#848);
#553=LINE('',#3322,#849);
#554=LINE('',#3324,#850);
#555=LINE('',#3327,#851);
#556=LINE('',#3328,#852);
#557=LINE('',#3330,#853);
#558=LINE('',#3332,#854);
#559=LINE('',#3335,#855);
#560=LINE('',#3336,#856);
#561=LINE('',#3338,#857);
#562=LINE('',#3340,#858);
#563=LINE('',#3343,#859);
#564=LINE('',#3345,#860);
#565=LINE('',#3347,#861);
#566=LINE('',#3349,#862);
#567=LINE('',#3353,#863);
#568=VECTOR('',#2268,10.);
#569=VECTOR('',#2269,10.);
#570=VECTOR('',#2270,10.);
#571=VECTOR('',#2271,10.);
#572=VECTOR('',#2274,10.);
#573=VECTOR('',#2275,10.);
#574=VECTOR('',#2276,10.);
#575=VECTOR('',#2279,10.);
#576=VECTOR('',#2280,10.);
#577=VECTOR('',#2281,10.);
#578=VECTOR('',#2284,10.);
#579=VECTOR('',#2285,10.);
#580=VECTOR('',#2286,10.);
#581=VECTOR('',#2287,10.);
#582=VECTOR('',#2288,10.);
#583=VECTOR('',#2289,10.);
#584=VECTOR('',#2290,10.);
#585=VECTOR('',#2291,10.);
#586=VECTOR('',#2292,10.);
#587=VECTOR('',#2293,10.);
#588=VECTOR('',#2294,10.);
#589=VECTOR('',#2295,10.);
#590=VECTOR('',#2298,10.);
#591=VECTOR('',#2299,10.);
#592=VECTOR('',#2300,10.);
#593=VECTOR('',#2301,10.);
#594=VECTOR('',#2304,10.);
#595=VECTOR('',#2305,10.);
#596=VECTOR('',#2306,10.);
#597=VECTOR('',#2309,10.);
#598=VECTOR('',#2310,10.);
#599=VECTOR('',#2311,10.);
#600=VECTOR('',#2312,10.);
#601=VECTOR('',#2315,10.);
#602=VECTOR('',#2316,10.);
#603=VECTOR('',#2317,10.);
#604=VECTOR('',#2318,10.);
#605=VECTOR('',#2319,10.);
#606=VECTOR('',#2320,10.);
#607=VECTOR('',#2321,10.);
#608=VECTOR('',#2322,10.);
#609=VECTOR('',#2325,10.);
#610=VECTOR('',#2326,10.);
#611=VECTOR('',#2327,10.);
#612=VECTOR('',#2328,10.);
#613=VECTOR('',#2329,10.);
#614=VECTOR('',#2330,10.);
#615=VECTOR('',#2331,10.);
#616=VECTOR('',#2332,10.);
#617=VECTOR('',#2333,10.);
#618=VECTOR('',#2334,10.);
#619=VECTOR('',#2335,10.);
#620=VECTOR('',#2336,10.);
#621=VECTOR('',#2337,10.);
#622=VECTOR('',#2338,10.);
#623=VECTOR('',#2339,10.);
#624=VECTOR('',#2340,10.);
#625=VECTOR('',#2341,10.);
#626=VECTOR('',#2342,10.);
#627=VECTOR('',#2343,10.);
#628=VECTOR('',#2344,10.);
#629=VECTOR('',#2345,10.);
#630=VECTOR('',#2346,10.);
#631=VECTOR('',#2347,10.);
#632=VECTOR('',#2348,10.);
#633=VECTOR('',#2349,10.);
#634=VECTOR('',#2350,10.);
#635=VECTOR('',#2351,10.);
#636=VECTOR('',#2352,10.);
#637=VECTOR('',#2353,10.);
#638=VECTOR('',#2354,10.);
#639=VECTOR('',#2355,10.);
#640=VECTOR('',#2356,10.);
#641=VECTOR('',#2357,10.);
#642=VECTOR('',#2358,10.);
#643=VECTOR('',#2359,10.);
#644=VECTOR('',#2360,10.);
#645=VECTOR('',#2361,10.);
#646=VECTOR('',#2362,10.);
#647=VECTOR('',#2363,10.);
#648=VECTOR('',#2364,10.);
#649=VECTOR('',#2365,10.);
#650=VECTOR('',#2366,10.);
#651=VECTOR('',#2367,10.);
#652=VECTOR('',#2368,10.);
#653=VECTOR('',#2369,10.);
#654=VECTOR('',#2370,10.);
#655=VECTOR('',#2371,10.);
#656=VECTOR('',#2372,10.);
#657=VECTOR('',#2373,10.);
#658=VECTOR('',#2374,10.);
#659=VECTOR('',#2375,10.);
#660=VECTOR('',#2376,10.);
#661=VECTOR('',#2377,10.);
#662=VECTOR('',#2378,10.);
#663=VECTOR('',#2381,10.);
#664=VECTOR('',#2382,10.);
#665=VECTOR('',#2383,10.);
#666=VECTOR('',#2384,10.);
#667=VECTOR('',#2387,10.);
#668=VECTOR('',#2388,10.);
#669=VECTOR('',#2391,10.);
#670=VECTOR('',#2392,10.);
#671=VECTOR('',#2395,10.);
#672=VECTOR('',#2396,10.);
#673=VECTOR('',#2399,10.);
#674=VECTOR('',#2402,10.);
#675=VECTOR('',#2403,10.);
#676=VECTOR('',#2406,10.);
#677=VECTOR('',#2407,10.);
#678=VECTOR('',#2408,10.);
#679=VECTOR('',#2409,10.);
#680=VECTOR('',#2412,10.);
#681=VECTOR('',#2413,10.);
#682=VECTOR('',#2414,10.);
#683=VECTOR('',#2417,10.);
#684=VECTOR('',#2418,10.);
#685=VECTOR('',#2419,10.);
#686=VECTOR('',#2422,10.);
#687=VECTOR('',#2423,10.);
#688=VECTOR('',#2424,10.);
#689=VECTOR('',#2425,10.);
#690=VECTOR('',#2428,10.);
#691=VECTOR('',#2429,10.);
#692=VECTOR('',#2432,10.);
#693=VECTOR('',#2433,10.);
#694=VECTOR('',#2434,10.);
#695=VECTOR('',#2435,10.);
#696=VECTOR('',#2436,10.);
#697=VECTOR('',#2437,10.);
#698=VECTOR('',#2438,10.);
#699=VECTOR('',#2439,10.);
#700=VECTOR('',#2440,10.);
#701=VECTOR('',#2441,10.);
#702=VECTOR('',#2442,10.);
#703=VECTOR('',#2443,10.);
#704=VECTOR('',#2444,10.);
#705=VECTOR('',#2445,10.);
#706=VECTOR('',#2446,10.);
#707=VECTOR('',#2447,10.);
#708=VECTOR('',#2448,10.);
#709=VECTOR('',#2449,10.);
#710=VECTOR('',#2450,10.);
#711=VECTOR('',#2451,10.);
#712=VECTOR('',#2452,10.);
#713=VECTOR('',#2453,10.);
#714=VECTOR('',#2456,10.);
#715=VECTOR('',#2457,10.);
#716=VECTOR('',#2458,10.);
#717=VECTOR('',#2461,10.);
#718=VECTOR('',#2462,10.);
#719=VECTOR('',#2463,10.);
#720=VECTOR('',#2466,10.);
#721=VECTOR('',#2467,10.);
#722=VECTOR('',#2470,10.);
#723=VECTOR('',#2471,10.);
#724=VECTOR('',#2472,10.);
#725=VECTOR('',#2473,10.);
#726=VECTOR('',#2476,10.);
#727=VECTOR('',#2477,10.);
#728=VECTOR('',#2480,10.);
#729=VECTOR('',#2483,10.);
#730=VECTOR('',#2484,10.);
#731=VECTOR('',#2485,10.);
#732=VECTOR('',#2486,10.);
#733=VECTOR('',#2489,10.);
#734=VECTOR('',#2490,10.);
#735=VECTOR('',#2493,10.);
#736=VECTOR('',#2494,10.);
#737=VECTOR('',#2495,10.);
#738=VECTOR('',#2498,10.);
#739=VECTOR('',#2499,10.);
#740=VECTOR('',#2500,10.);
#741=VECTOR('',#2501,10.);
#742=VECTOR('',#2502,10.);
#743=VECTOR('',#2503,10.);
#744=VECTOR('',#2504,10.);
#745=VECTOR('',#2505,10.);
#746=VECTOR('',#2506,10.);
#747=VECTOR('',#2507,10.);
#748=VECTOR('',#2510,10.);
#749=VECTOR('',#2511,10.);
#750=VECTOR('',#2516,10.);
#751=VECTOR('',#2519,10.);
#752=VECTOR('',#2522,10.);
#753=VECTOR('',#2523,10.);
#754=VECTOR('',#2524,10.);
#755=VECTOR('',#2525,10.);
#756=VECTOR('',#2526,10.);
#757=VECTOR('',#2529,10.);
#758=VECTOR('',#2530,10.);
#759=VECTOR('',#2531,10.);
#760=VECTOR('',#2532,10.);
#761=VECTOR('',#2533,10.);
#762=VECTOR('',#2534,10.);
#763=VECTOR('',#2535,10.);
#764=VECTOR('',#2536,10.);
#765=VECTOR('',#2537,10.);
#766=VECTOR('',#2538,10.);
#767=VECTOR('',#2539,10.);
#768=VECTOR('',#2540,10.);
#769=VECTOR('',#2541,10.);
#770=VECTOR('',#2542,10.);
#771=VECTOR('',#2543,10.);
#772=VECTOR('',#2544,10.);
#773=VECTOR('',#2545,10.);
#774=VECTOR('',#2546,10.);
#775=VECTOR('',#2547,10.);
#776=VECTOR('',#2548,10.);
#777=VECTOR('',#2549,10.);
#778=VECTOR('',#2550,10.);
#779=VECTOR('',#2551,10.);
#780=VECTOR('',#2552,10.);
#781=VECTOR('',#2553,10.);
#782=VECTOR('',#2554,10.);
#783=VECTOR('',#2555,10.);
#784=VECTOR('',#2556,10.);
#785=VECTOR('',#2557,10.);
#786=VECTOR('',#2558,10.);
#787=VECTOR('',#2559,10.);
#788=VECTOR('',#2560,10.);
#789=VECTOR('',#2561,10.);
#790=VECTOR('',#2562,10.);
#791=VECTOR('',#2563,10.);
#792=VECTOR('',#2564,10.);
#793=VECTOR('',#2565,10.);
#794=VECTOR('',#2566,10.);
#795=VECTOR('',#2567,10.);
#796=VECTOR('',#2568,10.);
#797=VECTOR('',#2569,10.);
#798=VECTOR('',#2570,10.);
#799=VECTOR('',#2571,10.);
#800=VECTOR('',#2572,10.);
#801=VECTOR('',#2573,10.);
#802=VECTOR('',#2574,10.);
#803=VECTOR('',#2575,10.);
#804=VECTOR('',#2576,10.);
#805=VECTOR('',#2579,10.);
#806=VECTOR('',#2582,10.);
#807=VECTOR('',#2583,10.);
#808=VECTOR('',#2586,10.);
#809=VECTOR('',#2589,10.);
#810=VECTOR('',#2594,10.6356721072522);
#811=VECTOR('',#2597,10.);
#812=VECTOR('',#2598,10.);
#813=VECTOR('',#2601,10.);
#814=VECTOR('',#2604,10.);
#815=VECTOR('',#2609,10.);
#816=VECTOR('',#2610,10.);
#817=VECTOR('',#2613,10.);
#818=VECTOR('',#2616,10.);
#819=VECTOR('',#2621,10.);
#820=VECTOR('',#2622,10.);
#821=VECTOR('',#2625,10.);
#822=VECTOR('',#2628,10.);
#823=VECTOR('',#2633,10.);
#824=VECTOR('',#2634,10.);
#825=VECTOR('',#2637,10.);
#826=VECTOR('',#2640,10.);
#827=VECTOR('',#2645,10.);
#828=VECTOR('',#2646,10.);
#829=VECTOR('',#2649,10.);
#830=VECTOR('',#2652,10.);
#831=VECTOR('',#2657,10.);
#832=VECTOR('',#2658,10.);
#833=VECTOR('',#2661,10.);
#834=VECTOR('',#2664,10.);
#835=VECTOR('',#2669,10.);
#836=VECTOR('',#2670,10.);
#837=VECTOR('',#2673,10.);
#838=VECTOR('',#2676,10.);
#839=VECTOR('',#2681,10.);
#840=VECTOR('',#2682,10.);
#841=VECTOR('',#2685,10.);
#842=VECTOR('',#2688,10.);
#843=VECTOR('',#2693,10.);
#844=VECTOR('',#2694,10.);
#845=VECTOR('',#2697,10.);
#846=VECTOR('',#2700,10.);
#847=VECTOR('',#2705,10.);
#848=VECTOR('',#2706,10.);
#849=VECTOR('',#2709,10.);
#850=VECTOR('',#2712,10.);
#851=VECTOR('',#2717,10.);
#852=VECTOR('',#2718,10.);
#853=VECTOR('',#2721,10.);
#854=VECTOR('',#2724,10.);
#855=VECTOR('',#2729,10.);
#856=VECTOR('',#2730,10.);
#857=VECTOR('',#2733,10.);
#858=VECTOR('',#2736,10.);
#859=VECTOR('',#2741,10.);
#860=VECTOR('',#2744,10.);
#861=VECTOR('',#2747,10.);
#862=VECTOR('',#2750,10.);
#863=VECTOR('',#2757,10.);
#864=VERTEX_POINT('',#2764);
#865=VERTEX_POINT('',#2765);
#866=VERTEX_POINT('',#2767);
#867=VERTEX_POINT('',#2769);
#868=VERTEX_POINT('',#2773);
#869=VERTEX_POINT('',#2775);
#870=VERTEX_POINT('',#2779);
#871=VERTEX_POINT('',#2781);
#872=VERTEX_POINT('',#2785);
#873=VERTEX_POINT('',#2787);
#874=VERTEX_POINT('',#2789);
#875=VERTEX_POINT('',#2791);
#876=VERTEX_POINT('',#2793);
#877=VERTEX_POINT('',#2795);
#878=VERTEX_POINT('',#2797);
#879=VERTEX_POINT('',#2799);
#880=VERTEX_POINT('',#2801);
#881=VERTEX_POINT('',#2803);
#882=VERTEX_POINT('',#2805);
#883=VERTEX_POINT('',#2809);
#884=VERTEX_POINT('',#2810);
#885=VERTEX_POINT('',#2812);
#886=VERTEX_POINT('',#2814);
#887=VERTEX_POINT('',#2818);
#888=VERTEX_POINT('',#2820);
#889=VERTEX_POINT('',#2824);
#890=VERTEX_POINT('',#2825);
#891=VERTEX_POINT('',#2827);
#892=VERTEX_POINT('',#2829);
#893=VERTEX_POINT('',#2833);
#894=VERTEX_POINT('',#2835);
#895=VERTEX_POINT('',#2837);
#896=VERTEX_POINT('',#2839);
#897=VERTEX_POINT('',#2841);
#898=VERTEX_POINT('',#2844);
#899=VERTEX_POINT('',#2848);
#900=VERTEX_POINT('',#2851);
#901=VERTEX_POINT('',#2853);
#902=VERTEX_POINT('',#2855);
#903=VERTEX_POINT('',#2858);
#904=VERTEX_POINT('',#2859);
#905=VERTEX_POINT('',#2861);
#906=VERTEX_POINT('',#2863);
#907=VERTEX_POINT('',#2866);
#908=VERTEX_POINT('',#2867);
#909=VERTEX_POINT('',#2869);
#910=VERTEX_POINT('',#2871);
#911=VERTEX_POINT('',#2874);
#912=VERTEX_POINT('',#2875);
#913=VERTEX_POINT('',#2877);
#914=VERTEX_POINT('',#2879);
#915=VERTEX_POINT('',#2882);
#916=VERTEX_POINT('',#2883);
#917=VERTEX_POINT('',#2885);
#918=VERTEX_POINT('',#2887);
#919=VERTEX_POINT('',#2890);
#920=VERTEX_POINT('',#2891);
#921=VERTEX_POINT('',#2893);
#922=VERTEX_POINT('',#2895);
#923=VERTEX_POINT('',#2898);
#924=VERTEX_POINT('',#2899);
#925=VERTEX_POINT('',#2901);
#926=VERTEX_POINT('',#2903);
#927=VERTEX_POINT('',#2906);
#928=VERTEX_POINT('',#2907);
#929=VERTEX_POINT('',#2909);
#930=VERTEX_POINT('',#2911);
#931=VERTEX_POINT('',#2914);
#932=VERTEX_POINT('',#2915);
#933=VERTEX_POINT('',#2917);
#934=VERTEX_POINT('',#2919);
#935=VERTEX_POINT('',#2922);
#936=VERTEX_POINT('',#2923);
#937=VERTEX_POINT('',#2925);
#938=VERTEX_POINT('',#2927);
#939=VERTEX_POINT('',#2930);
#940=VERTEX_POINT('',#2931);
#941=VERTEX_POINT('',#2933);
#942=VERTEX_POINT('',#2935);
#943=VERTEX_POINT('',#2938);
#944=VERTEX_POINT('',#2939);
#945=VERTEX_POINT('',#2941);
#946=VERTEX_POINT('',#2943);
#947=VERTEX_POINT('',#2946);
#948=VERTEX_POINT('',#2947);
#949=VERTEX_POINT('',#2949);
#950=VERTEX_POINT('',#2951);
#951=VERTEX_POINT('',#2954);
#952=VERTEX_POINT('',#2956);
#953=VERTEX_POINT('',#2957);
#954=VERTEX_POINT('',#2959);
#955=VERTEX_POINT('',#2961);
#956=VERTEX_POINT('',#2976);
#957=VERTEX_POINT('',#2980);
#958=VERTEX_POINT('',#2981);
#959=VERTEX_POINT('',#2983);
#960=VERTEX_POINT('',#2985);
#961=VERTEX_POINT('',#2989);
#962=VERTEX_POINT('',#2990);
#963=VERTEX_POINT('',#2995);
#964=VERTEX_POINT('',#2997);
#965=VERTEX_POINT('',#3001);
#966=VERTEX_POINT('',#3002);
#967=VERTEX_POINT('',#3004);
#968=VERTEX_POINT('',#3006);
#969=VERTEX_POINT('',#3013);
#970=VERTEX_POINT('',#3015);
#971=VERTEX_POINT('',#3017);
#972=VERTEX_POINT('',#3019);
#973=VERTEX_POINT('',#3021);
#974=VERTEX_POINT('',#3023);
#975=VERTEX_POINT('',#3025);
#976=VERTEX_POINT('',#3027);
#977=VERTEX_POINT('',#3030);
#978=VERTEX_POINT('',#3032);
#979=VERTEX_POINT('',#3034);
#980=VERTEX_POINT('',#3036);
#981=VERTEX_POINT('',#3038);
#982=VERTEX_POINT('',#3040);
#983=VERTEX_POINT('',#3042);
#984=VERTEX_POINT('',#3044);
#985=VERTEX_POINT('',#3046);
#986=VERTEX_POINT('',#3048);
#987=VERTEX_POINT('',#3050);
#988=VERTEX_POINT('',#3052);
#989=VERTEX_POINT('',#3056);
#990=VERTEX_POINT('',#3058);
#991=VERTEX_POINT('',#3062);
#992=VERTEX_POINT('',#3064);
#993=VERTEX_POINT('',#3068);
#994=VERTEX_POINT('',#3072);
#995=VERTEX_POINT('',#3075);
#996=VERTEX_POINT('',#3079);
#997=VERTEX_POINT('',#3085);
#998=VERTEX_POINT('',#3086);
#999=VERTEX_POINT('',#3089);
#1000=VERTEX_POINT('',#3093);
#1001=VERTEX_POINT('',#3102);
#1002=VERTEX_POINT('',#3104);
#1003=VERTEX_POINT('',#3106);
#1004=VERTEX_POINT('',#3108);
#1005=VERTEX_POINT('',#3110);
#1006=VERTEX_POINT('',#3112);
#1007=VERTEX_POINT('',#3114);
#1008=VERTEX_POINT('',#3128);
#1009=VERTEX_POINT('',#3129);
#1010=VERTEX_POINT('',#3131);
#1011=VERTEX_POINT('',#3133);
#1012=VERTEX_POINT('',#3136);
#1013=VERTEX_POINT('',#3138);
#1014=VERTEX_POINT('',#3139);
#1015=VERTEX_POINT('',#3141);
#1016=VERTEX_POINT('',#3143);
#1017=VERTEX_POINT('',#3146);
#1018=VERTEX_POINT('',#3147);
#1019=VERTEX_POINT('',#3149);
#1020=VERTEX_POINT('',#3151);
#1021=VERTEX_POINT('',#3154);
#1022=VERTEX_POINT('',#3155);
#1023=VERTEX_POINT('',#3157);
#1024=VERTEX_POINT('',#3159);
#1025=VERTEX_POINT('',#3162);
#1026=VERTEX_POINT('',#3163);
#1027=VERTEX_POINT('',#3165);
#1028=VERTEX_POINT('',#3167);
#1029=VERTEX_POINT('',#3170);
#1030=VERTEX_POINT('',#3171);
#1031=VERTEX_POINT('',#3173);
#1032=VERTEX_POINT('',#3175);
#1033=VERTEX_POINT('',#3178);
#1034=VERTEX_POINT('',#3179);
#1035=VERTEX_POINT('',#3181);
#1036=VERTEX_POINT('',#3183);
#1037=VERTEX_POINT('',#3186);
#1038=VERTEX_POINT('',#3187);
#1039=VERTEX_POINT('',#3189);
#1040=VERTEX_POINT('',#3191);
#1041=VERTEX_POINT('',#3194);
#1042=VERTEX_POINT('',#3195);
#1043=VERTEX_POINT('',#3197);
#1044=VERTEX_POINT('',#3199);
#1045=VERTEX_POINT('',#3202);
#1046=VERTEX_POINT('',#3203);
#1047=VERTEX_POINT('',#3205);
#1048=VERTEX_POINT('',#3207);
#1049=VERTEX_POINT('',#3210);
#1050=VERTEX_POINT('',#3211);
#1051=VERTEX_POINT('',#3213);
#1052=VERTEX_POINT('',#3215);
#1053=VERTEX_POINT('',#3218);
#1054=VERTEX_POINT('',#3219);
#1055=VERTEX_POINT('',#3221);
#1056=VERTEX_POINT('',#3223);
#1057=VERTEX_POINT('',#3226);
#1058=VERTEX_POINT('',#3227);
#1059=VERTEX_POINT('',#3229);
#1060=VERTEX_POINT('',#3231);
#1061=EDGE_CURVE('',#864,#865,#272,.T.);
#1062=EDGE_CURVE('',#866,#864,#273,.T.);
#1063=EDGE_CURVE('',#867,#866,#274,.T.);
#1064=EDGE_CURVE('',#867,#865,#275,.T.);
#1065=EDGE_CURVE('',#865,#868,#276,.T.);
#1066=EDGE_CURVE('',#869,#867,#277,.T.);
#1067=EDGE_CURVE('',#869,#868,#278,.T.);
#1068=EDGE_CURVE('',#870,#864,#279,.T.);
#1069=EDGE_CURVE('',#871,#870,#280,.T.);
#1070=EDGE_CURVE('',#866,#871,#281,.T.);
#1071=EDGE_CURVE('',#872,#868,#282,.T.);
#1072=EDGE_CURVE('',#873,#872,#283,.T.);
#1073=EDGE_CURVE('',#874,#873,#284,.T.);
#1074=EDGE_CURVE('',#875,#874,#285,.T.);
#1075=EDGE_CURVE('',#876,#875,#286,.T.);
#1076=EDGE_CURVE('',#877,#876,#287,.T.);
#1077=EDGE_CURVE('',#878,#877,#288,.T.);
#1078=EDGE_CURVE('',#879,#878,#289,.T.);
#1079=EDGE_CURVE('',#880,#879,#290,.T.);
#1080=EDGE_CURVE('',#881,#880,#291,.T.);
#1081=EDGE_CURVE('',#882,#881,#292,.T.);
#1082=EDGE_CURVE('',#870,#882,#293,.T.);
#1083=EDGE_CURVE('',#883,#884,#294,.T.);
#1084=EDGE_CURVE('',#884,#885,#295,.T.);
#1085=EDGE_CURVE('',#886,#885,#296,.T.);
#1086=EDGE_CURVE('',#883,#886,#297,.T.);
#1087=EDGE_CURVE('',#884,#887,#298,.T.);
#1088=EDGE_CURVE('',#888,#887,#299,.T.);
#1089=EDGE_CURVE('',#885,#888,#300,.T.);
#1090=EDGE_CURVE('',#889,#890,#301,.T.);
#1091=EDGE_CURVE('',#891,#889,#302,.T.);
#1092=EDGE_CURVE('',#892,#891,#303,.T.);
#1093=EDGE_CURVE('',#890,#892,#304,.T.);
#1094=EDGE_CURVE('',#886,#893,#305,.T.);
#1095=EDGE_CURVE('',#894,#888,#306,.T.);
#1096=EDGE_CURVE('',#895,#894,#307,.T.);
#1097=EDGE_CURVE('',#896,#895,#308,.T.);
#1098=EDGE_CURVE('',#896,#897,#309,.T.);
#1099=EDGE_CURVE('',#892,#897,#310,.T.);
#1100=EDGE_CURVE('',#898,#891,#311,.T.);
#1101=EDGE_CURVE('',#893,#898,#312,.T.);
#1102=EDGE_CURVE('',#899,#896,#313,.T.);
#1103=EDGE_CURVE('',#895,#878,#314,.T.);
#1104=EDGE_CURVE('',#877,#900,#315,.T.);
#1105=EDGE_CURVE('',#901,#900,#316,.T.);
#1106=EDGE_CURVE('',#902,#901,#317,.T.);
#1107=EDGE_CURVE('',#899,#902,#318,.T.);
#1108=EDGE_CURVE('',#903,#904,#319,.T.);
#1109=EDGE_CURVE('',#904,#905,#320,.T.);
#1110=EDGE_CURVE('',#905,#906,#321,.T.);
#1111=EDGE_CURVE('',#906,#903,#322,.T.);
#1112=EDGE_CURVE('',#907,#908,#323,.T.);
#1113=EDGE_CURVE('',#908,#909,#324,.T.);
#1114=EDGE_CURVE('',#909,#910,#325,.T.);
#1115=EDGE_CURVE('',#910,#907,#326,.T.);
#1116=EDGE_CURVE('',#911,#912,#327,.T.);
#1117=EDGE_CURVE('',#912,#913,#328,.T.);
#1118=EDGE_CURVE('',#913,#914,#329,.T.);
#1119=EDGE_CURVE('',#914,#911,#330,.T.);
#1120=EDGE_CURVE('',#915,#916,#331,.T.);
#1121=EDGE_CURVE('',#916,#917,#332,.T.);
#1122=EDGE_CURVE('',#917,#918,#333,.T.);
#1123=EDGE_CURVE('',#918,#915,#334,.T.);
#1124=EDGE_CURVE('',#919,#920,#335,.T.);
#1125=EDGE_CURVE('',#920,#921,#336,.T.);
#1126=EDGE_CURVE('',#921,#922,#337,.T.);
#1127=EDGE_CURVE('',#922,#919,#338,.T.);
#1128=EDGE_CURVE('',#923,#924,#339,.T.);
#1129=EDGE_CURVE('',#924,#925,#340,.T.);
#1130=EDGE_CURVE('',#925,#926,#341,.T.);
#1131=EDGE_CURVE('',#926,#923,#342,.T.);
#1132=EDGE_CURVE('',#927,#928,#343,.T.);
#1133=EDGE_CURVE('',#928,#929,#344,.T.);
#1134=EDGE_CURVE('',#929,#930,#345,.T.);
#1135=EDGE_CURVE('',#930,#927,#346,.T.);
#1136=EDGE_CURVE('',#931,#932,#347,.T.);
#1137=EDGE_CURVE('',#932,#933,#348,.T.);
#1138=EDGE_CURVE('',#933,#934,#349,.T.);
#1139=EDGE_CURVE('',#934,#931,#350,.T.);
#1140=EDGE_CURVE('',#935,#936,#351,.T.);
#1141=EDGE_CURVE('',#936,#937,#352,.T.);
#1142=EDGE_CURVE('',#937,#938,#353,.T.);
#1143=EDGE_CURVE('',#938,#935,#354,.T.);
#1144=EDGE_CURVE('',#939,#940,#355,.T.);
#1145=EDGE_CURVE('',#940,#941,#356,.T.);
#1146=EDGE_CURVE('',#941,#942,#357,.T.);
#1147=EDGE_CURVE('',#942,#939,#358,.T.);
#1148=EDGE_CURVE('',#943,#944,#359,.T.);
#1149=EDGE_CURVE('',#944,#945,#360,.T.);
#1150=EDGE_CURVE('',#945,#946,#361,.T.);
#1151=EDGE_CURVE('',#946,#943,#362,.T.);
#1152=EDGE_CURVE('',#947,#948,#363,.T.);
#1153=EDGE_CURVE('',#948,#949,#364,.T.);
#1154=EDGE_CURVE('',#949,#950,#365,.T.);
#1155=EDGE_CURVE('',#950,#947,#366,.T.);
#1156=EDGE_CURVE('',#951,#951,#16,.T.);
#1157=EDGE_CURVE('',#952,#953,#367,.T.);
#1158=EDGE_CURVE('',#953,#954,#368,.T.);
#1159=EDGE_CURVE('',#954,#955,#369,.T.);
#1160=EDGE_CURVE('',#955,#952,#370,.T.);
#1161=EDGE_CURVE('',#876,#897,#371,.T.);
#1162=EDGE_CURVE('',#892,#875,#372,.T.);
#1163=EDGE_CURVE('',#898,#873,#373,.T.);
#1164=EDGE_CURVE('',#893,#872,#374,.T.);
#1165=EDGE_CURVE('',#886,#882,#375,.T.);
#1166=EDGE_CURVE('',#871,#869,#376,.T.);
#1167=EDGE_CURVE('',#894,#879,#377,.T.);
#1168=EDGE_CURVE('',#956,#876,#378,.T.);
#1169=EDGE_CURVE('',#956,#900,#379,.T.);
#1170=EDGE_CURVE('',#957,#958,#380,.T.);
#1171=EDGE_CURVE('',#959,#958,#381,.T.);
#1172=EDGE_CURVE('',#960,#959,#382,.T.);
#1173=EDGE_CURVE('',#960,#957,#383,.T.);
#1174=EDGE_CURVE('',#961,#962,#384,.T.);
#1175=EDGE_CURVE('',#962,#960,#385,.T.);
#1176=EDGE_CURVE('',#961,#959,#386,.T.);
#1177=EDGE_CURVE('',#957,#963,#387,.T.);
#1178=EDGE_CURVE('',#963,#964,#388,.T.);
#1179=EDGE_CURVE('',#958,#964,#389,.T.);
#1180=EDGE_CURVE('',#965,#966,#390,.T.);
#1181=EDGE_CURVE('',#965,#967,#391,.T.);
#1182=EDGE_CURVE('',#968,#967,#392,.T.);
#1183=EDGE_CURVE('',#966,#968,#393,.T.);
#1184=EDGE_CURVE('',#966,#963,#394,.T.);
#1185=EDGE_CURVE('',#964,#968,#395,.T.);
#1186=EDGE_CURVE('',#969,#961,#396,.T.);
#1187=EDGE_CURVE('',#967,#970,#397,.T.);
#1188=EDGE_CURVE('',#971,#970,#398,.T.);
#1189=EDGE_CURVE('',#971,#972,#399,.T.);
#1190=EDGE_CURVE('',#972,#973,#400,.T.);
#1191=EDGE_CURVE('',#973,#974,#401,.T.);
#1192=EDGE_CURVE('',#974,#975,#402,.T.);
#1193=EDGE_CURVE('',#975,#976,#403,.T.);
#1194=EDGE_CURVE('',#976,#901,#404,.T.);
#1195=EDGE_CURVE('',#956,#977,#405,.T.);
#1196=EDGE_CURVE('',#977,#978,#406,.T.);
#1197=EDGE_CURVE('',#978,#979,#407,.T.);
#1198=EDGE_CURVE('',#980,#979,#408,.T.);
#1199=EDGE_CURVE('',#980,#981,#409,.T.);
#1200=EDGE_CURVE('',#981,#982,#410,.T.);
#1201=EDGE_CURVE('',#982,#983,#411,.T.);
#1202=EDGE_CURVE('',#983,#984,#412,.T.);
#1203=EDGE_CURVE('',#984,#985,#413,.T.);
#1204=EDGE_CURVE('',#985,#986,#414,.T.);
#1205=EDGE_CURVE('',#986,#987,#415,.T.);
#1206=EDGE_CURVE('',#988,#987,#416,.T.);
#1207=EDGE_CURVE('',#969,#988,#417,.T.);
#1208=EDGE_CURVE('',#977,#989,#418,.T.);
#1209=EDGE_CURVE('',#989,#990,#419,.T.);
#1210=EDGE_CURVE('',#990,#978,#420,.T.);
#1211=EDGE_CURVE('',#983,#991,#421,.T.);
#1212=EDGE_CURVE('',#991,#992,#422,.T.);
#1213=EDGE_CURVE('',#992,#984,#423,.T.);
#1214=EDGE_CURVE('',#982,#993,#424,.T.);
#1215=EDGE_CURVE('',#991,#993,#425,.T.);
#1216=EDGE_CURVE('',#986,#994,#426,.T.);
#1217=EDGE_CURVE('',#883,#994,#427,.T.);
#1218=EDGE_CURVE('',#882,#995,#428,.T.);
#1219=EDGE_CURVE('',#995,#987,#429,.T.);
#1220=EDGE_CURVE('',#985,#996,#430,.T.);
#1221=EDGE_CURVE('',#994,#996,#431,.T.);
#1222=EDGE_CURVE('',#996,#992,#432,.T.);
#1223=EDGE_CURVE('',#997,#998,#433,.T.);
#1224=EDGE_CURVE('',#993,#998,#434,.T.);
#1225=EDGE_CURVE('',#981,#999,#435,.T.);
#1226=EDGE_CURVE('',#999,#997,#436,.T.);
#1227=EDGE_CURVE('',#897,#1000,#437,.T.);
#1228=EDGE_CURVE('',#989,#1000,#438,.T.);
#1229=EDGE_CURVE('',#875,#979,#439,.T.);
#1230=EDGE_CURVE('',#990,#998,#440,.T.);
#1231=EDGE_CURVE('',#890,#997,#441,.T.);
#1232=EDGE_CURVE('',#899,#1000,#442,.T.);
#1233=EDGE_CURVE('',#1001,#902,#443,.T.);
#1234=EDGE_CURVE('',#1001,#1002,#444,.T.);
#1235=EDGE_CURVE('',#1002,#1003,#445,.T.);
#1236=EDGE_CURVE('',#1003,#1004,#446,.T.);
#1237=EDGE_CURVE('',#1004,#1005,#447,.T.);
#1238=EDGE_CURVE('',#1005,#1006,#448,.T.);
#1239=EDGE_CURVE('',#1007,#1006,#449,.T.);
#1240=EDGE_CURVE('',#965,#1007,#450,.T.);
#1241=EDGE_CURVE('',#962,#887,#451,.T.);
#1242=EDGE_CURVE('',#1001,#976,#452,.T.);
#1243=EDGE_CURVE('',#1002,#975,#453,.T.);
#1244=EDGE_CURVE('',#1003,#974,#454,.T.);
#1245=EDGE_CURVE('',#973,#1004,#455,.T.);
#1246=EDGE_CURVE('',#1005,#972,#456,.T.);
#1247=EDGE_CURVE('',#1008,#1009,#457,.T.);
#1248=EDGE_CURVE('',#1009,#1010,#458,.T.);
#1249=EDGE_CURVE('',#1010,#1011,#459,.T.);
#1250=EDGE_CURVE('',#1011,#1008,#460,.T.);
#1251=EDGE_CURVE('',#1012,#1012,#17,.T.);
#1252=EDGE_CURVE('',#1013,#1014,#461,.T.);
#1253=EDGE_CURVE('',#1014,#1015,#462,.T.);
#1254=EDGE_CURVE('',#1015,#1016,#463,.T.);
#1255=EDGE_CURVE('',#1016,#1013,#464,.T.);
#1256=EDGE_CURVE('',#1017,#1018,#465,.T.);
#1257=EDGE_CURVE('',#1018,#1019,#466,.T.);
#1258=EDGE_CURVE('',#1019,#1020,#467,.T.);
#1259=EDGE_CURVE('',#1020,#1017,#468,.T.);
#1260=EDGE_CURVE('',#1021,#1022,#469,.T.);
#1261=EDGE_CURVE('',#1022,#1023,#470,.T.);
#1262=EDGE_CURVE('',#1023,#1024,#471,.T.);
#1263=EDGE_CURVE('',#1024,#1021,#472,.T.);
#1264=EDGE_CURVE('',#1025,#1026,#473,.T.);
#1265=EDGE_CURVE('',#1026,#1027,#474,.T.);
#1266=EDGE_CURVE('',#1027,#1028,#475,.T.);
#1267=EDGE_CURVE('',#1028,#1025,#476,.T.);
#1268=EDGE_CURVE('',#1029,#1030,#477,.T.);
#1269=EDGE_CURVE('',#1030,#1031,#478,.T.);
#1270=EDGE_CURVE('',#1031,#1032,#479,.T.);
#1271=EDGE_CURVE('',#1032,#1029,#480,.T.);
#1272=EDGE_CURVE('',#1033,#1034,#481,.T.);
#1273=EDGE_CURVE('',#1034,#1035,#482,.T.);
#1274=EDGE_CURVE('',#1035,#1036,#483,.T.);
#1275=EDGE_CURVE('',#1036,#1033,#484,.T.);
#1276=EDGE_CURVE('',#1037,#1038,#485,.T.);
#1277=EDGE_CURVE('',#1038,#1039,#486,.T.);
#1278=EDGE_CURVE('',#1039,#1040,#487,.T.);
#1279=EDGE_CURVE('',#1040,#1037,#488,.T.);
#1280=EDGE_CURVE('',#1041,#1042,#489,.T.);
#1281=EDGE_CURVE('',#1042,#1043,#490,.T.);
#1282=EDGE_CURVE('',#1043,#1044,#491,.T.);
#1283=EDGE_CURVE('',#1044,#1041,#492,.T.);
#1284=EDGE_CURVE('',#1045,#1046,#493,.T.);
#1285=EDGE_CURVE('',#1046,#1047,#494,.T.);
#1286=EDGE_CURVE('',#1047,#1048,#495,.T.);
#1287=EDGE_CURVE('',#1048,#1045,#496,.T.);
#1288=EDGE_CURVE('',#1049,#1050,#497,.T.);
#1289=EDGE_CURVE('',#1050,#1051,#498,.T.);
#1290=EDGE_CURVE('',#1051,#1052,#499,.T.);
#1291=EDGE_CURVE('',#1052,#1049,#500,.T.);
#1292=EDGE_CURVE('',#1053,#1054,#501,.T.);
#1293=EDGE_CURVE('',#1054,#1055,#502,.T.);
#1294=EDGE_CURVE('',#1055,#1056,#503,.T.);
#1295=EDGE_CURVE('',#1056,#1053,#504,.T.);
#1296=EDGE_CURVE('',#1057,#1058,#505,.T.);
#1297=EDGE_CURVE('',#1058,#1059,#506,.T.);
#1298=EDGE_CURVE('',#1059,#1060,#507,.T.);
#1299=EDGE_CURVE('',#1060,#1057,#508,.T.);
#1300=EDGE_CURVE('',#971,#1006,#509,.T.);
#1301=EDGE_CURVE('',#1008,#952,#510,.T.);
#1302=EDGE_CURVE('',#1011,#953,#511,.T.);
#1303=EDGE_CURVE('',#1009,#955,#512,.T.);
#1304=EDGE_CURVE('',#1010,#954,#513,.T.);
#1305=EDGE_CURVE('',#1012,#951,#514,.T.);
#1306=EDGE_CURVE('',#1013,#947,#515,.T.);
#1307=EDGE_CURVE('',#1016,#948,#516,.T.);
#1308=EDGE_CURVE('',#1014,#950,#517,.T.);
#1309=EDGE_CURVE('',#1015,#949,#518,.T.);
#1310=EDGE_CURVE('',#1017,#943,#519,.T.);
#1311=EDGE_CURVE('',#1020,#944,#520,.T.);
#1312=EDGE_CURVE('',#1018,#946,#521,.T.);
#1313=EDGE_CURVE('',#1019,#945,#522,.T.);
#1314=EDGE_CURVE('',#1021,#939,#523,.T.);
#1315=EDGE_CURVE('',#1024,#940,#524,.T.);
#1316=EDGE_CURVE('',#1022,#942,#525,.T.);
#1317=EDGE_CURVE('',#1023,#941,#526,.T.);
#1318=EDGE_CURVE('',#1025,#935,#527,.T.);
#1319=EDGE_CURVE('',#1028,#936,#528,.T.);
#1320=EDGE_CURVE('',#1026,#938,#529,.T.);
#1321=EDGE_CURVE('',#1027,#937,#530,.T.);
#1322=EDGE_CURVE('',#1029,#931,#531,.T.);
#1323=EDGE_CURVE('',#1032,#932,#532,.T.);
#1324=EDGE_CURVE('',#1030,#934,#533,.T.);
#1325=EDGE_CURVE('',#1031,#933,#534,.T.);
#1326=EDGE_CURVE('',#1033,#927,#535,.T.);
#1327=EDGE_CURVE('',#1036,#928,#536,.T.);
#1328=EDGE_CURVE('',#1034,#930,#537,.T.);
#1329=EDGE_CURVE('',#1035,#929,#538,.T.);
#1330=EDGE_CURVE('',#1037,#923,#539,.T.);
#1331=EDGE_CURVE('',#1040,#924,#540,.T.);
#1332=EDGE_CURVE('',#1038,#926,#541,.T.);
#1333=EDGE_CURVE('',#1039,#925,#542,.T.);
#1334=EDGE_CURVE('',#1041,#919,#543,.T.);
#1335=EDGE_CURVE('',#1044,#920,#544,.T.);
#1336=EDGE_CURVE('',#1042,#922,#545,.T.);
#1337=EDGE_CURVE('',#1043,#921,#546,.T.);
#1338=EDGE_CURVE('',#1045,#915,#547,.T.);
#1339=EDGE_CURVE('',#1048,#916,#548,.T.);
#1340=EDGE_CURVE('',#1046,#918,#549,.T.);
#1341=EDGE_CURVE('',#1047,#917,#550,.T.);
#1342=EDGE_CURVE('',#1049,#911,#551,.T.);
#1343=EDGE_CURVE('',#1052,#912,#552,.T.);
#1344=EDGE_CURVE('',#1050,#914,#553,.T.);
#1345=EDGE_CURVE('',#1051,#913,#554,.T.);
#1346=EDGE_CURVE('',#1053,#907,#555,.T.);
#1347=EDGE_CURVE('',#1056,#908,#556,.T.);
#1348=EDGE_CURVE('',#1054,#910,#557,.T.);
#1349=EDGE_CURVE('',#1055,#909,#558,.T.);
#1350=EDGE_CURVE('',#1057,#903,#559,.T.);
#1351=EDGE_CURVE('',#1060,#904,#560,.T.);
#1352=EDGE_CURVE('',#1058,#906,#561,.T.);
#1353=EDGE_CURVE('',#1059,#905,#562,.T.);
#1354=EDGE_CURVE('',#1007,#970,#563,.T.);
#1355=EDGE_CURVE('',#969,#880,#564,.T.);
#1356=EDGE_CURVE('',#980,#874,#565,.T.);
#1357=EDGE_CURVE('',#889,#999,#566,.T.);
#1358=EDGE_CURVE('',#881,#988,#567,.T.);
#1359=ORIENTED_EDGE('',*,*,#1061,.F.);
#1360=ORIENTED_EDGE('',*,*,#1062,.F.);
#1361=ORIENTED_EDGE('',*,*,#1063,.F.);
#1362=ORIENTED_EDGE('',*,*,#1064,.T.);
#1363=ORIENTED_EDGE('',*,*,#1065,.F.);
#1364=ORIENTED_EDGE('',*,*,#1064,.F.);
#1365=ORIENTED_EDGE('',*,*,#1066,.F.);
#1366=ORIENTED_EDGE('',*,*,#1067,.T.);
#1367=ORIENTED_EDGE('',*,*,#1068,.F.);
#1368=ORIENTED_EDGE('',*,*,#1069,.F.);
#1369=ORIENTED_EDGE('',*,*,#1070,.F.);
#1370=ORIENTED_EDGE('',*,*,#1062,.T.);
#1371=ORIENTED_EDGE('',*,*,#1068,.T.);
#1372=ORIENTED_EDGE('',*,*,#1061,.T.);
#1373=ORIENTED_EDGE('',*,*,#1065,.T.);
#1374=ORIENTED_EDGE('',*,*,#1071,.F.);
#1375=ORIENTED_EDGE('',*,*,#1072,.F.);
#1376=ORIENTED_EDGE('',*,*,#1073,.F.);
#1377=ORIENTED_EDGE('',*,*,#1074,.F.);
#1378=ORIENTED_EDGE('',*,*,#1075,.F.);
#1379=ORIENTED_EDGE('',*,*,#1076,.F.);
#1380=ORIENTED_EDGE('',*,*,#1077,.F.);
#1381=ORIENTED_EDGE('',*,*,#1078,.F.);
#1382=ORIENTED_EDGE('',*,*,#1079,.F.);
#1383=ORIENTED_EDGE('',*,*,#1080,.F.);
#1384=ORIENTED_EDGE('',*,*,#1081,.F.);
#1385=ORIENTED_EDGE('',*,*,#1082,.F.);
#1386=ORIENTED_EDGE('',*,*,#1083,.T.);
#1387=ORIENTED_EDGE('',*,*,#1084,.T.);
#1388=ORIENTED_EDGE('',*,*,#1085,.F.);
#1389=ORIENTED_EDGE('',*,*,#1086,.F.);
#1390=ORIENTED_EDGE('',*,*,#1087,.T.);
#1391=ORIENTED_EDGE('',*,*,#1088,.F.);
#1392=ORIENTED_EDGE('',*,*,#1089,.F.);
#1393=ORIENTED_EDGE('',*,*,#1084,.F.);
#1394=ORIENTED_EDGE('',*,*,#1090,.F.);
#1395=ORIENTED_EDGE('',*,*,#1091,.F.);
#1396=ORIENTED_EDGE('',*,*,#1092,.F.);
#1397=ORIENTED_EDGE('',*,*,#1093,.F.);
#1398=ORIENTED_EDGE('',*,*,#1094,.F.);
#1399=ORIENTED_EDGE('',*,*,#1085,.T.);
#1400=ORIENTED_EDGE('',*,*,#1089,.T.);
#1401=ORIENTED_EDGE('',*,*,#1095,.F.);
#1402=ORIENTED_EDGE('',*,*,#1096,.F.);
#1403=ORIENTED_EDGE('',*,*,#1097,.F.);
#1404=ORIENTED_EDGE('',*,*,#1098,.T.);
#1405=ORIENTED_EDGE('',*,*,#1099,.F.);
#1406=ORIENTED_EDGE('',*,*,#1092,.T.);
#1407=ORIENTED_EDGE('',*,*,#1100,.F.);
#1408=ORIENTED_EDGE('',*,*,#1101,.F.);
#1409=ORIENTED_EDGE('',*,*,#1102,.T.);
#1410=ORIENTED_EDGE('',*,*,#1097,.T.);
#1411=ORIENTED_EDGE('',*,*,#1103,.T.);
#1412=ORIENTED_EDGE('',*,*,#1077,.T.);
#1413=ORIENTED_EDGE('',*,*,#1104,.T.);
#1414=ORIENTED_EDGE('',*,*,#1105,.F.);
#1415=ORIENTED_EDGE('',*,*,#1106,.F.);
#1416=ORIENTED_EDGE('',*,*,#1107,.F.);
#1417=ORIENTED_EDGE('',*,*,#1108,.T.);
#1418=ORIENTED_EDGE('',*,*,#1109,.T.);
#1419=ORIENTED_EDGE('',*,*,#1110,.T.);
#1420=ORIENTED_EDGE('',*,*,#1111,.T.);
#1421=ORIENTED_EDGE('',*,*,#1112,.T.);
#1422=ORIENTED_EDGE('',*,*,#1113,.T.);
#1423=ORIENTED_EDGE('',*,*,#1114,.T.);
#1424=ORIENTED_EDGE('',*,*,#1115,.T.);
#1425=ORIENTED_EDGE('',*,*,#1116,.T.);
#1426=ORIENTED_EDGE('',*,*,#1117,.T.);
#1427=ORIENTED_EDGE('',*,*,#1118,.T.);
#1428=ORIENTED_EDGE('',*,*,#1119,.T.);
#1429=ORIENTED_EDGE('',*,*,#1120,.T.);
#1430=ORIENTED_EDGE('',*,*,#1121,.T.);
#1431=ORIENTED_EDGE('',*,*,#1122,.T.);
#1432=ORIENTED_EDGE('',*,*,#1123,.T.);
#1433=ORIENTED_EDGE('',*,*,#1124,.T.);
#1434=ORIENTED_EDGE('',*,*,#1125,.T.);
#1435=ORIENTED_EDGE('',*,*,#1126,.T.);
#1436=ORIENTED_EDGE('',*,*,#1127,.T.);
#1437=ORIENTED_EDGE('',*,*,#1128,.T.);
#1438=ORIENTED_EDGE('',*,*,#1129,.T.);
#1439=ORIENTED_EDGE('',*,*,#1130,.T.);
#1440=ORIENTED_EDGE('',*,*,#1131,.T.);
#1441=ORIENTED_EDGE('',*,*,#1132,.T.);
#1442=ORIENTED_EDGE('',*,*,#1133,.T.);
#1443=ORIENTED_EDGE('',*,*,#1134,.T.);
#1444=ORIENTED_EDGE('',*,*,#1135,.T.);
#1445=ORIENTED_EDGE('',*,*,#1136,.T.);
#1446=ORIENTED_EDGE('',*,*,#1137,.T.);
#1447=ORIENTED_EDGE('',*,*,#1138,.T.);
#1448=ORIENTED_EDGE('',*,*,#1139,.T.);
#1449=ORIENTED_EDGE('',*,*,#1140,.T.);
#1450=ORIENTED_EDGE('',*,*,#1141,.T.);
#1451=ORIENTED_EDGE('',*,*,#1142,.T.);
#1452=ORIENTED_EDGE('',*,*,#1143,.T.);
#1453=ORIENTED_EDGE('',*,*,#1144,.T.);
#1454=ORIENTED_EDGE('',*,*,#1145,.T.);
#1455=ORIENTED_EDGE('',*,*,#1146,.T.);
#1456=ORIENTED_EDGE('',*,*,#1147,.T.);
#1457=ORIENTED_EDGE('',*,*,#1148,.T.);
#1458=ORIENTED_EDGE('',*,*,#1149,.T.);
#1459=ORIENTED_EDGE('',*,*,#1150,.T.);
#1460=ORIENTED_EDGE('',*,*,#1151,.T.);
#1461=ORIENTED_EDGE('',*,*,#1152,.T.);
#1462=ORIENTED_EDGE('',*,*,#1153,.T.);
#1463=ORIENTED_EDGE('',*,*,#1154,.T.);
#1464=ORIENTED_EDGE('',*,*,#1155,.T.);
#1465=ORIENTED_EDGE('',*,*,#1156,.T.);
#1466=ORIENTED_EDGE('',*,*,#1157,.T.);
#1467=ORIENTED_EDGE('',*,*,#1158,.T.);
#1468=ORIENTED_EDGE('',*,*,#1159,.T.);
#1469=ORIENTED_EDGE('',*,*,#1160,.T.);
#1470=ORIENTED_EDGE('',*,*,#1099,.T.);
#1471=ORIENTED_EDGE('',*,*,#1161,.F.);
#1472=ORIENTED_EDGE('',*,*,#1075,.T.);
#1473=ORIENTED_EDGE('',*,*,#1162,.F.);
#1474=ORIENTED_EDGE('',*,*,#1101,.T.);
#1475=ORIENTED_EDGE('',*,*,#1163,.T.);
#1476=ORIENTED_EDGE('',*,*,#1072,.T.);
#1477=ORIENTED_EDGE('',*,*,#1164,.F.);
#1478=ORIENTED_EDGE('',*,*,#1082,.T.);
#1479=ORIENTED_EDGE('',*,*,#1165,.F.);
#1480=ORIENTED_EDGE('',*,*,#1094,.T.);
#1481=ORIENTED_EDGE('',*,*,#1164,.T.);
#1482=ORIENTED_EDGE('',*,*,#1071,.T.);
#1483=ORIENTED_EDGE('',*,*,#1067,.F.);
#1484=ORIENTED_EDGE('',*,*,#1166,.F.);
#1485=ORIENTED_EDGE('',*,*,#1069,.T.);
#1486=ORIENTED_EDGE('',*,*,#1096,.T.);
#1487=ORIENTED_EDGE('',*,*,#1167,.T.);
#1488=ORIENTED_EDGE('',*,*,#1078,.T.);
#1489=ORIENTED_EDGE('',*,*,#1103,.F.);
#1490=ORIENTED_EDGE('',*,*,#1076,.T.);
#1491=ORIENTED_EDGE('',*,*,#1168,.F.);
#1492=ORIENTED_EDGE('',*,*,#1169,.T.);
#1493=ORIENTED_EDGE('',*,*,#1104,.F.);
#1494=ORIENTED_EDGE('',*,*,#1170,.T.);
#1495=ORIENTED_EDGE('',*,*,#1171,.F.);
#1496=ORIENTED_EDGE('',*,*,#1172,.F.);
#1497=ORIENTED_EDGE('',*,*,#1173,.T.);
#1498=ORIENTED_EDGE('',*,*,#1174,.T.);
#1499=ORIENTED_EDGE('',*,*,#1175,.T.);
#1500=ORIENTED_EDGE('',*,*,#1172,.T.);
#1501=ORIENTED_EDGE('',*,*,#1176,.F.);
#1502=ORIENTED_EDGE('',*,*,#1177,.T.);
#1503=ORIENTED_EDGE('',*,*,#1178,.T.);
#1504=ORIENTED_EDGE('',*,*,#1179,.F.);
#1505=ORIENTED_EDGE('',*,*,#1170,.F.);
#1506=ORIENTED_EDGE('',*,*,#1180,.F.);
#1507=ORIENTED_EDGE('',*,*,#1181,.T.);
#1508=ORIENTED_EDGE('',*,*,#1182,.F.);
#1509=ORIENTED_EDGE('',*,*,#1183,.F.);
#1510=ORIENTED_EDGE('',*,*,#1184,.F.);
#1511=ORIENTED_EDGE('',*,*,#1183,.T.);
#1512=ORIENTED_EDGE('',*,*,#1185,.F.);
#1513=ORIENTED_EDGE('',*,*,#1178,.F.);
#1514=ORIENTED_EDGE('',*,*,#1186,.T.);
#1515=ORIENTED_EDGE('',*,*,#1176,.T.);
#1516=ORIENTED_EDGE('',*,*,#1171,.T.);
#1517=ORIENTED_EDGE('',*,*,#1179,.T.);
#1518=ORIENTED_EDGE('',*,*,#1185,.T.);
#1519=ORIENTED_EDGE('',*,*,#1182,.T.);
#1520=ORIENTED_EDGE('',*,*,#1187,.T.);
#1521=ORIENTED_EDGE('',*,*,#1188,.F.);
#1522=ORIENTED_EDGE('',*,*,#1189,.T.);
#1523=ORIENTED_EDGE('',*,*,#1190,.T.);
#1524=ORIENTED_EDGE('',*,*,#1191,.T.);
#1525=ORIENTED_EDGE('',*,*,#1192,.T.);
#1526=ORIENTED_EDGE('',*,*,#1193,.T.);
#1527=ORIENTED_EDGE('',*,*,#1194,.T.);
#1528=ORIENTED_EDGE('',*,*,#1105,.T.);
#1529=ORIENTED_EDGE('',*,*,#1169,.F.);
#1530=ORIENTED_EDGE('',*,*,#1195,.T.);
#1531=ORIENTED_EDGE('',*,*,#1196,.T.);
#1532=ORIENTED_EDGE('',*,*,#1197,.T.);
#1533=ORIENTED_EDGE('',*,*,#1198,.F.);
#1534=ORIENTED_EDGE('',*,*,#1199,.T.);
#1535=ORIENTED_EDGE('',*,*,#1200,.T.);
#1536=ORIENTED_EDGE('',*,*,#1201,.T.);
#1537=ORIENTED_EDGE('',*,*,#1202,.T.);
#1538=ORIENTED_EDGE('',*,*,#1203,.T.);
#1539=ORIENTED_EDGE('',*,*,#1204,.T.);
#1540=ORIENTED_EDGE('',*,*,#1205,.T.);
#1541=ORIENTED_EDGE('',*,*,#1206,.F.);
#1542=ORIENTED_EDGE('',*,*,#1207,.F.);
#1543=ORIENTED_EDGE('',*,*,#1070,.T.);
#1544=ORIENTED_EDGE('',*,*,#1166,.T.);
#1545=ORIENTED_EDGE('',*,*,#1066,.T.);
#1546=ORIENTED_EDGE('',*,*,#1063,.T.);
#1547=ORIENTED_EDGE('',*,*,#1208,.T.);
#1548=ORIENTED_EDGE('',*,*,#1209,.T.);
#1549=ORIENTED_EDGE('',*,*,#1210,.T.);
#1550=ORIENTED_EDGE('',*,*,#1196,.F.);
#1551=ORIENTED_EDGE('',*,*,#1211,.T.);
#1552=ORIENTED_EDGE('',*,*,#1212,.T.);
#1553=ORIENTED_EDGE('',*,*,#1213,.T.);
#1554=ORIENTED_EDGE('',*,*,#1202,.F.);
#1555=ORIENTED_EDGE('',*,*,#1214,.T.);
#1556=ORIENTED_EDGE('',*,*,#1215,.F.);
#1557=ORIENTED_EDGE('',*,*,#1211,.F.);
#1558=ORIENTED_EDGE('',*,*,#1201,.F.);
#1559=ORIENTED_EDGE('',*,*,#1216,.T.);
#1560=ORIENTED_EDGE('',*,*,#1217,.F.);
#1561=ORIENTED_EDGE('',*,*,#1086,.T.);
#1562=ORIENTED_EDGE('',*,*,#1165,.T.);
#1563=ORIENTED_EDGE('',*,*,#1218,.T.);
#1564=ORIENTED_EDGE('',*,*,#1219,.T.);
#1565=ORIENTED_EDGE('',*,*,#1205,.F.);
#1566=ORIENTED_EDGE('',*,*,#1220,.T.);
#1567=ORIENTED_EDGE('',*,*,#1221,.F.);
#1568=ORIENTED_EDGE('',*,*,#1216,.F.);
#1569=ORIENTED_EDGE('',*,*,#1204,.F.);
#1570=ORIENTED_EDGE('',*,*,#1213,.F.);
#1571=ORIENTED_EDGE('',*,*,#1222,.F.);
#1572=ORIENTED_EDGE('',*,*,#1220,.F.);
#1573=ORIENTED_EDGE('',*,*,#1203,.F.);
#1574=ORIENTED_EDGE('',*,*,#1223,.T.);
#1575=ORIENTED_EDGE('',*,*,#1224,.F.);
#1576=ORIENTED_EDGE('',*,*,#1214,.F.);
#1577=ORIENTED_EDGE('',*,*,#1200,.F.);
#1578=ORIENTED_EDGE('',*,*,#1225,.T.);
#1579=ORIENTED_EDGE('',*,*,#1226,.T.);
#1580=ORIENTED_EDGE('',*,*,#1168,.T.);
#1581=ORIENTED_EDGE('',*,*,#1161,.T.);
#1582=ORIENTED_EDGE('',*,*,#1227,.T.);
#1583=ORIENTED_EDGE('',*,*,#1228,.F.);
#1584=ORIENTED_EDGE('',*,*,#1208,.F.);
#1585=ORIENTED_EDGE('',*,*,#1195,.F.);
#1586=ORIENTED_EDGE('',*,*,#1093,.T.);
#1587=ORIENTED_EDGE('',*,*,#1162,.T.);
#1588=ORIENTED_EDGE('',*,*,#1229,.T.);
#1589=ORIENTED_EDGE('',*,*,#1197,.F.);
#1590=ORIENTED_EDGE('',*,*,#1210,.F.);
#1591=ORIENTED_EDGE('',*,*,#1230,.T.);
#1592=ORIENTED_EDGE('',*,*,#1223,.F.);
#1593=ORIENTED_EDGE('',*,*,#1231,.F.);
#1594=ORIENTED_EDGE('',*,*,#1217,.T.);
#1595=ORIENTED_EDGE('',*,*,#1221,.T.);
#1596=ORIENTED_EDGE('',*,*,#1222,.T.);
#1597=ORIENTED_EDGE('',*,*,#1212,.F.);
#1598=ORIENTED_EDGE('',*,*,#1215,.T.);
#1599=ORIENTED_EDGE('',*,*,#1224,.T.);
#1600=ORIENTED_EDGE('',*,*,#1230,.F.);
#1601=ORIENTED_EDGE('',*,*,#1209,.F.);
#1602=ORIENTED_EDGE('',*,*,#1228,.T.);
#1603=ORIENTED_EDGE('',*,*,#1232,.F.);
#1604=ORIENTED_EDGE('',*,*,#1107,.T.);
#1605=ORIENTED_EDGE('',*,*,#1233,.F.);
#1606=ORIENTED_EDGE('',*,*,#1234,.T.);
#1607=ORIENTED_EDGE('',*,*,#1235,.T.);
#1608=ORIENTED_EDGE('',*,*,#1236,.T.);
#1609=ORIENTED_EDGE('',*,*,#1237,.T.);
#1610=ORIENTED_EDGE('',*,*,#1238,.T.);
#1611=ORIENTED_EDGE('',*,*,#1239,.F.);
#1612=ORIENTED_EDGE('',*,*,#1240,.F.);
#1613=ORIENTED_EDGE('',*,*,#1180,.T.);
#1614=ORIENTED_EDGE('',*,*,#1184,.T.);
#1615=ORIENTED_EDGE('',*,*,#1177,.F.);
#1616=ORIENTED_EDGE('',*,*,#1173,.F.);
#1617=ORIENTED_EDGE('',*,*,#1175,.F.);
#1618=ORIENTED_EDGE('',*,*,#1241,.T.);
#1619=ORIENTED_EDGE('',*,*,#1087,.F.);
#1620=ORIENTED_EDGE('',*,*,#1083,.F.);
#1621=ORIENTED_EDGE('',*,*,#1234,.F.);
#1622=ORIENTED_EDGE('',*,*,#1242,.T.);
#1623=ORIENTED_EDGE('',*,*,#1193,.F.);
#1624=ORIENTED_EDGE('',*,*,#1243,.F.);
#1625=ORIENTED_EDGE('',*,*,#1233,.T.);
#1626=ORIENTED_EDGE('',*,*,#1106,.T.);
#1627=ORIENTED_EDGE('',*,*,#1194,.F.);
#1628=ORIENTED_EDGE('',*,*,#1242,.F.);
#1629=ORIENTED_EDGE('',*,*,#1235,.F.);
#1630=ORIENTED_EDGE('',*,*,#1243,.T.);
#1631=ORIENTED_EDGE('',*,*,#1192,.F.);
#1632=ORIENTED_EDGE('',*,*,#1244,.F.);
#1633=ORIENTED_EDGE('',*,*,#1245,.T.);
#1634=ORIENTED_EDGE('',*,*,#1236,.F.);
#1635=ORIENTED_EDGE('',*,*,#1244,.T.);
#1636=ORIENTED_EDGE('',*,*,#1191,.F.);
#1637=ORIENTED_EDGE('',*,*,#1246,.F.);
#1638=ORIENTED_EDGE('',*,*,#1237,.F.);
#1639=ORIENTED_EDGE('',*,*,#1245,.F.);
#1640=ORIENTED_EDGE('',*,*,#1190,.F.);
#1641=ORIENTED_EDGE('',*,*,#1247,.T.);
#1642=ORIENTED_EDGE('',*,*,#1248,.T.);
#1643=ORIENTED_EDGE('',*,*,#1249,.T.);
#1644=ORIENTED_EDGE('',*,*,#1250,.T.);
#1645=ORIENTED_EDGE('',*,*,#1251,.T.);
#1646=ORIENTED_EDGE('',*,*,#1252,.T.);
#1647=ORIENTED_EDGE('',*,*,#1253,.T.);
#1648=ORIENTED_EDGE('',*,*,#1254,.T.);
#1649=ORIENTED_EDGE('',*,*,#1255,.T.);
#1650=ORIENTED_EDGE('',*,*,#1256,.T.);
#1651=ORIENTED_EDGE('',*,*,#1257,.T.);
#1652=ORIENTED_EDGE('',*,*,#1258,.T.);
#1653=ORIENTED_EDGE('',*,*,#1259,.T.);
#1654=ORIENTED_EDGE('',*,*,#1260,.T.);
#1655=ORIENTED_EDGE('',*,*,#1261,.T.);
#1656=ORIENTED_EDGE('',*,*,#1262,.T.);
#1657=ORIENTED_EDGE('',*,*,#1263,.T.);
#1658=ORIENTED_EDGE('',*,*,#1264,.T.);
#1659=ORIENTED_EDGE('',*,*,#1265,.T.);
#1660=ORIENTED_EDGE('',*,*,#1266,.T.);
#1661=ORIENTED_EDGE('',*,*,#1267,.T.);
#1662=ORIENTED_EDGE('',*,*,#1268,.T.);
#1663=ORIENTED_EDGE('',*,*,#1269,.T.);
#1664=ORIENTED_EDGE('',*,*,#1270,.T.);
#1665=ORIENTED_EDGE('',*,*,#1271,.T.);
#1666=ORIENTED_EDGE('',*,*,#1272,.T.);
#1667=ORIENTED_EDGE('',*,*,#1273,.T.);
#1668=ORIENTED_EDGE('',*,*,#1274,.T.);
#1669=ORIENTED_EDGE('',*,*,#1275,.T.);
#1670=ORIENTED_EDGE('',*,*,#1276,.T.);
#1671=ORIENTED_EDGE('',*,*,#1277,.T.);
#1672=ORIENTED_EDGE('',*,*,#1278,.T.);
#1673=ORIENTED_EDGE('',*,*,#1279,.T.);
#1674=ORIENTED_EDGE('',*,*,#1280,.T.);
#1675=ORIENTED_EDGE('',*,*,#1281,.T.);
#1676=ORIENTED_EDGE('',*,*,#1282,.T.);
#1677=ORIENTED_EDGE('',*,*,#1283,.T.);
#1678=ORIENTED_EDGE('',*,*,#1284,.T.);
#1679=ORIENTED_EDGE('',*,*,#1285,.T.);
#1680=ORIENTED_EDGE('',*,*,#1286,.T.);
#1681=ORIENTED_EDGE('',*,*,#1287,.T.);
#1682=ORIENTED_EDGE('',*,*,#1288,.T.);
#1683=ORIENTED_EDGE('',*,*,#1289,.T.);
#1684=ORIENTED_EDGE('',*,*,#1290,.T.);
#1685=ORIENTED_EDGE('',*,*,#1291,.T.);
#1686=ORIENTED_EDGE('',*,*,#1292,.T.);
#1687=ORIENTED_EDGE('',*,*,#1293,.T.);
#1688=ORIENTED_EDGE('',*,*,#1294,.T.);
#1689=ORIENTED_EDGE('',*,*,#1295,.T.);
#1690=ORIENTED_EDGE('',*,*,#1296,.T.);
#1691=ORIENTED_EDGE('',*,*,#1297,.T.);
#1692=ORIENTED_EDGE('',*,*,#1298,.T.);
#1693=ORIENTED_EDGE('',*,*,#1299,.T.);
#1694=ORIENTED_EDGE('',*,*,#1300,.T.);
#1695=ORIENTED_EDGE('',*,*,#1238,.F.);
#1696=ORIENTED_EDGE('',*,*,#1246,.T.);
#1697=ORIENTED_EDGE('',*,*,#1189,.F.);
#1698=ORIENTED_EDGE('',*,*,#1157,.F.);
#1699=ORIENTED_EDGE('',*,*,#1301,.F.);
#1700=ORIENTED_EDGE('',*,*,#1250,.F.);
#1701=ORIENTED_EDGE('',*,*,#1302,.T.);
#1702=ORIENTED_EDGE('',*,*,#1160,.F.);
#1703=ORIENTED_EDGE('',*,*,#1303,.F.);
#1704=ORIENTED_EDGE('',*,*,#1247,.F.);
#1705=ORIENTED_EDGE('',*,*,#1301,.T.);
#1706=ORIENTED_EDGE('',*,*,#1159,.F.);
#1707=ORIENTED_EDGE('',*,*,#1304,.F.);
#1708=ORIENTED_EDGE('',*,*,#1248,.F.);
#1709=ORIENTED_EDGE('',*,*,#1303,.T.);
#1710=ORIENTED_EDGE('',*,*,#1158,.F.);
#1711=ORIENTED_EDGE('',*,*,#1302,.F.);
#1712=ORIENTED_EDGE('',*,*,#1249,.F.);
#1713=ORIENTED_EDGE('',*,*,#1304,.T.);
#1714=ORIENTED_EDGE('',*,*,#1251,.F.);
#1715=ORIENTED_EDGE('',*,*,#1305,.T.);
#1716=ORIENTED_EDGE('',*,*,#1156,.F.);
#1717=ORIENTED_EDGE('',*,*,#1305,.F.);
#1718=ORIENTED_EDGE('',*,*,#1152,.F.);
#1719=ORIENTED_EDGE('',*,*,#1306,.F.);
#1720=ORIENTED_EDGE('',*,*,#1255,.F.);
#1721=ORIENTED_EDGE('',*,*,#1307,.T.);
#1722=ORIENTED_EDGE('',*,*,#1155,.F.);
#1723=ORIENTED_EDGE('',*,*,#1308,.F.);
#1724=ORIENTED_EDGE('',*,*,#1252,.F.);
#1725=ORIENTED_EDGE('',*,*,#1306,.T.);
#1726=ORIENTED_EDGE('',*,*,#1154,.F.);
#1727=ORIENTED_EDGE('',*,*,#1309,.F.);
#1728=ORIENTED_EDGE('',*,*,#1253,.F.);
#1729=ORIENTED_EDGE('',*,*,#1308,.T.);
#1730=ORIENTED_EDGE('',*,*,#1153,.F.);
#1731=ORIENTED_EDGE('',*,*,#1307,.F.);
#1732=ORIENTED_EDGE('',*,*,#1254,.F.);
#1733=ORIENTED_EDGE('',*,*,#1309,.T.);
#1734=ORIENTED_EDGE('',*,*,#1148,.F.);
#1735=ORIENTED_EDGE('',*,*,#1310,.F.);
#1736=ORIENTED_EDGE('',*,*,#1259,.F.);
#1737=ORIENTED_EDGE('',*,*,#1311,.T.);
#1738=ORIENTED_EDGE('',*,*,#1151,.F.);
#1739=ORIENTED_EDGE('',*,*,#1312,.F.);
#1740=ORIENTED_EDGE('',*,*,#1256,.F.);
#1741=ORIENTED_EDGE('',*,*,#1310,.T.);
#1742=ORIENTED_EDGE('',*,*,#1150,.F.);
#1743=ORIENTED_EDGE('',*,*,#1313,.F.);
#1744=ORIENTED_EDGE('',*,*,#1257,.F.);
#1745=ORIENTED_EDGE('',*,*,#1312,.T.);
#1746=ORIENTED_EDGE('',*,*,#1149,.F.);
#1747=ORIENTED_EDGE('',*,*,#1311,.F.);
#1748=ORIENTED_EDGE('',*,*,#1258,.F.);
#1749=ORIENTED_EDGE('',*,*,#1313,.T.);
#1750=ORIENTED_EDGE('',*,*,#1144,.F.);
#1751=ORIENTED_EDGE('',*,*,#1314,.F.);
#1752=ORIENTED_EDGE('',*,*,#1263,.F.);
#1753=ORIENTED_EDGE('',*,*,#1315,.T.);
#1754=ORIENTED_EDGE('',*,*,#1147,.F.);
#1755=ORIENTED_EDGE('',*,*,#1316,.F.);
#1756=ORIENTED_EDGE('',*,*,#1260,.F.);
#1757=ORIENTED_EDGE('',*,*,#1314,.T.);
#1758=ORIENTED_EDGE('',*,*,#1146,.F.);
#1759=ORIENTED_EDGE('',*,*,#1317,.F.);
#1760=ORIENTED_EDGE('',*,*,#1261,.F.);
#1761=ORIENTED_EDGE('',*,*,#1316,.T.);
#1762=ORIENTED_EDGE('',*,*,#1145,.F.);
#1763=ORIENTED_EDGE('',*,*,#1315,.F.);
#1764=ORIENTED_EDGE('',*,*,#1262,.F.);
#1765=ORIENTED_EDGE('',*,*,#1317,.T.);
#1766=ORIENTED_EDGE('',*,*,#1140,.F.);
#1767=ORIENTED_EDGE('',*,*,#1318,.F.);
#1768=ORIENTED_EDGE('',*,*,#1267,.F.);
#1769=ORIENTED_EDGE('',*,*,#1319,.T.);
#1770=ORIENTED_EDGE('',*,*,#1143,.F.);
#1771=ORIENTED_EDGE('',*,*,#1320,.F.);
#1772=ORIENTED_EDGE('',*,*,#1264,.F.);
#1773=ORIENTED_EDGE('',*,*,#1318,.T.);
#1774=ORIENTED_EDGE('',*,*,#1142,.F.);
#1775=ORIENTED_EDGE('',*,*,#1321,.F.);
#1776=ORIENTED_EDGE('',*,*,#1265,.F.);
#1777=ORIENTED_EDGE('',*,*,#1320,.T.);
#1778=ORIENTED_EDGE('',*,*,#1141,.F.);
#1779=ORIENTED_EDGE('',*,*,#1319,.F.);
#1780=ORIENTED_EDGE('',*,*,#1266,.F.);
#1781=ORIENTED_EDGE('',*,*,#1321,.T.);
#1782=ORIENTED_EDGE('',*,*,#1136,.F.);
#1783=ORIENTED_EDGE('',*,*,#1322,.F.);
#1784=ORIENTED_EDGE('',*,*,#1271,.F.);
#1785=ORIENTED_EDGE('',*,*,#1323,.T.);
#1786=ORIENTED_EDGE('',*,*,#1139,.F.);
#1787=ORIENTED_EDGE('',*,*,#1324,.F.);
#1788=ORIENTED_EDGE('',*,*,#1268,.F.);
#1789=ORIENTED_EDGE('',*,*,#1322,.T.);
#1790=ORIENTED_EDGE('',*,*,#1138,.F.);
#1791=ORIENTED_EDGE('',*,*,#1325,.F.);
#1792=ORIENTED_EDGE('',*,*,#1269,.F.);
#1793=ORIENTED_EDGE('',*,*,#1324,.T.);
#1794=ORIENTED_EDGE('',*,*,#1137,.F.);
#1795=ORIENTED_EDGE('',*,*,#1323,.F.);
#1796=ORIENTED_EDGE('',*,*,#1270,.F.);
#1797=ORIENTED_EDGE('',*,*,#1325,.T.);
#1798=ORIENTED_EDGE('',*,*,#1132,.F.);
#1799=ORIENTED_EDGE('',*,*,#1326,.F.);
#1800=ORIENTED_EDGE('',*,*,#1275,.F.);
#1801=ORIENTED_EDGE('',*,*,#1327,.T.);
#1802=ORIENTED_EDGE('',*,*,#1135,.F.);
#1803=ORIENTED_EDGE('',*,*,#1328,.F.);
#1804=ORIENTED_EDGE('',*,*,#1272,.F.);
#1805=ORIENTED_EDGE('',*,*,#1326,.T.);
#1806=ORIENTED_EDGE('',*,*,#1134,.F.);
#1807=ORIENTED_EDGE('',*,*,#1329,.F.);
#1808=ORIENTED_EDGE('',*,*,#1273,.F.);
#1809=ORIENTED_EDGE('',*,*,#1328,.T.);
#1810=ORIENTED_EDGE('',*,*,#1133,.F.);
#1811=ORIENTED_EDGE('',*,*,#1327,.F.);
#1812=ORIENTED_EDGE('',*,*,#1274,.F.);
#1813=ORIENTED_EDGE('',*,*,#1329,.T.);
#1814=ORIENTED_EDGE('',*,*,#1128,.F.);
#1815=ORIENTED_EDGE('',*,*,#1330,.F.);
#1816=ORIENTED_EDGE('',*,*,#1279,.F.);
#1817=ORIENTED_EDGE('',*,*,#1331,.T.);
#1818=ORIENTED_EDGE('',*,*,#1131,.F.);
#1819=ORIENTED_EDGE('',*,*,#1332,.F.);
#1820=ORIENTED_EDGE('',*,*,#1276,.F.);
#1821=ORIENTED_EDGE('',*,*,#1330,.T.);
#1822=ORIENTED_EDGE('',*,*,#1130,.F.);
#1823=ORIENTED_EDGE('',*,*,#1333,.F.);
#1824=ORIENTED_EDGE('',*,*,#1277,.F.);
#1825=ORIENTED_EDGE('',*,*,#1332,.T.);
#1826=ORIENTED_EDGE('',*,*,#1129,.F.);
#1827=ORIENTED_EDGE('',*,*,#1331,.F.);
#1828=ORIENTED_EDGE('',*,*,#1278,.F.);
#1829=ORIENTED_EDGE('',*,*,#1333,.T.);
#1830=ORIENTED_EDGE('',*,*,#1124,.F.);
#1831=ORIENTED_EDGE('',*,*,#1334,.F.);
#1832=ORIENTED_EDGE('',*,*,#1283,.F.);
#1833=ORIENTED_EDGE('',*,*,#1335,.T.);
#1834=ORIENTED_EDGE('',*,*,#1127,.F.);
#1835=ORIENTED_EDGE('',*,*,#1336,.F.);
#1836=ORIENTED_EDGE('',*,*,#1280,.F.);
#1837=ORIENTED_EDGE('',*,*,#1334,.T.);
#1838=ORIENTED_EDGE('',*,*,#1126,.F.);
#1839=ORIENTED_EDGE('',*,*,#1337,.F.);
#1840=ORIENTED_EDGE('',*,*,#1281,.F.);
#1841=ORIENTED_EDGE('',*,*,#1336,.T.);
#1842=ORIENTED_EDGE('',*,*,#1125,.F.);
#1843=ORIENTED_EDGE('',*,*,#1335,.F.);
#1844=ORIENTED_EDGE('',*,*,#1282,.F.);
#1845=ORIENTED_EDGE('',*,*,#1337,.T.);
#1846=ORIENTED_EDGE('',*,*,#1120,.F.);
#1847=ORIENTED_EDGE('',*,*,#1338,.F.);
#1848=ORIENTED_EDGE('',*,*,#1287,.F.);
#1849=ORIENTED_EDGE('',*,*,#1339,.T.);
#1850=ORIENTED_EDGE('',*,*,#1123,.F.);
#1851=ORIENTED_EDGE('',*,*,#1340,.F.);
#1852=ORIENTED_EDGE('',*,*,#1284,.F.);
#1853=ORIENTED_EDGE('',*,*,#1338,.T.);
#1854=ORIENTED_EDGE('',*,*,#1122,.F.);
#1855=ORIENTED_EDGE('',*,*,#1341,.F.);
#1856=ORIENTED_EDGE('',*,*,#1285,.F.);
#1857=ORIENTED_EDGE('',*,*,#1340,.T.);
#1858=ORIENTED_EDGE('',*,*,#1121,.F.);
#1859=ORIENTED_EDGE('',*,*,#1339,.F.);
#1860=ORIENTED_EDGE('',*,*,#1286,.F.);
#1861=ORIENTED_EDGE('',*,*,#1341,.T.);
#1862=ORIENTED_EDGE('',*,*,#1116,.F.);
#1863=ORIENTED_EDGE('',*,*,#1342,.F.);
#1864=ORIENTED_EDGE('',*,*,#1291,.F.);
#1865=ORIENTED_EDGE('',*,*,#1343,.T.);
#1866=ORIENTED_EDGE('',*,*,#1119,.F.);
#1867=ORIENTED_EDGE('',*,*,#1344,.F.);
#1868=ORIENTED_EDGE('',*,*,#1288,.F.);
#1869=ORIENTED_EDGE('',*,*,#1342,.T.);
#1870=ORIENTED_EDGE('',*,*,#1118,.F.);
#1871=ORIENTED_EDGE('',*,*,#1345,.F.);
#1872=ORIENTED_EDGE('',*,*,#1289,.F.);
#1873=ORIENTED_EDGE('',*,*,#1344,.T.);
#1874=ORIENTED_EDGE('',*,*,#1117,.F.);
#1875=ORIENTED_EDGE('',*,*,#1343,.F.);
#1876=ORIENTED_EDGE('',*,*,#1290,.F.);
#1877=ORIENTED_EDGE('',*,*,#1345,.T.);
#1878=ORIENTED_EDGE('',*,*,#1112,.F.);
#1879=ORIENTED_EDGE('',*,*,#1346,.F.);
#1880=ORIENTED_EDGE('',*,*,#1295,.F.);
#1881=ORIENTED_EDGE('',*,*,#1347,.T.);
#1882=ORIENTED_EDGE('',*,*,#1115,.F.);
#1883=ORIENTED_EDGE('',*,*,#1348,.F.);
#1884=ORIENTED_EDGE('',*,*,#1292,.F.);
#1885=ORIENTED_EDGE('',*,*,#1346,.T.);
#1886=ORIENTED_EDGE('',*,*,#1114,.F.);
#1887=ORIENTED_EDGE('',*,*,#1349,.F.);
#1888=ORIENTED_EDGE('',*,*,#1293,.F.);
#1889=ORIENTED_EDGE('',*,*,#1348,.T.);
#1890=ORIENTED_EDGE('',*,*,#1113,.F.);
#1891=ORIENTED_EDGE('',*,*,#1347,.F.);
#1892=ORIENTED_EDGE('',*,*,#1294,.F.);
#1893=ORIENTED_EDGE('',*,*,#1349,.T.);
#1894=ORIENTED_EDGE('',*,*,#1108,.F.);
#1895=ORIENTED_EDGE('',*,*,#1350,.F.);
#1896=ORIENTED_EDGE('',*,*,#1299,.F.);
#1897=ORIENTED_EDGE('',*,*,#1351,.T.);
#1898=ORIENTED_EDGE('',*,*,#1111,.F.);
#1899=ORIENTED_EDGE('',*,*,#1352,.F.);
#1900=ORIENTED_EDGE('',*,*,#1296,.F.);
#1901=ORIENTED_EDGE('',*,*,#1350,.T.);
#1902=ORIENTED_EDGE('',*,*,#1110,.F.);
#1903=ORIENTED_EDGE('',*,*,#1353,.F.);
#1904=ORIENTED_EDGE('',*,*,#1297,.F.);
#1905=ORIENTED_EDGE('',*,*,#1352,.T.);
#1906=ORIENTED_EDGE('',*,*,#1109,.F.);
#1907=ORIENTED_EDGE('',*,*,#1351,.F.);
#1908=ORIENTED_EDGE('',*,*,#1298,.F.);
#1909=ORIENTED_EDGE('',*,*,#1353,.T.);
#1910=ORIENTED_EDGE('',*,*,#1239,.T.);
#1911=ORIENTED_EDGE('',*,*,#1300,.F.);
#1912=ORIENTED_EDGE('',*,*,#1188,.T.);
#1913=ORIENTED_EDGE('',*,*,#1354,.F.);
#1914=ORIENTED_EDGE('',*,*,#1088,.T.);
#1915=ORIENTED_EDGE('',*,*,#1241,.F.);
#1916=ORIENTED_EDGE('',*,*,#1174,.F.);
#1917=ORIENTED_EDGE('',*,*,#1186,.F.);
#1918=ORIENTED_EDGE('',*,*,#1355,.T.);
#1919=ORIENTED_EDGE('',*,*,#1079,.T.);
#1920=ORIENTED_EDGE('',*,*,#1167,.F.);
#1921=ORIENTED_EDGE('',*,*,#1095,.T.);
#1922=ORIENTED_EDGE('',*,*,#1074,.T.);
#1923=ORIENTED_EDGE('',*,*,#1356,.F.);
#1924=ORIENTED_EDGE('',*,*,#1198,.T.);
#1925=ORIENTED_EDGE('',*,*,#1229,.F.);
#1926=ORIENTED_EDGE('',*,*,#1090,.T.);
#1927=ORIENTED_EDGE('',*,*,#1231,.T.);
#1928=ORIENTED_EDGE('',*,*,#1226,.F.);
#1929=ORIENTED_EDGE('',*,*,#1357,.F.);
#1930=ORIENTED_EDGE('',*,*,#1091,.T.);
#1931=ORIENTED_EDGE('',*,*,#1357,.T.);
#1932=ORIENTED_EDGE('',*,*,#1225,.F.);
#1933=ORIENTED_EDGE('',*,*,#1199,.F.);
#1934=ORIENTED_EDGE('',*,*,#1356,.T.);
#1935=ORIENTED_EDGE('',*,*,#1073,.T.);
#1936=ORIENTED_EDGE('',*,*,#1163,.F.);
#1937=ORIENTED_EDGE('',*,*,#1100,.T.);
#1938=ORIENTED_EDGE('',*,*,#1354,.T.);
#1939=ORIENTED_EDGE('',*,*,#1187,.F.);
#1940=ORIENTED_EDGE('',*,*,#1181,.F.);
#1941=ORIENTED_EDGE('',*,*,#1240,.T.);
#1942=ORIENTED_EDGE('',*,*,#1080,.T.);
#1943=ORIENTED_EDGE('',*,*,#1355,.F.);
#1944=ORIENTED_EDGE('',*,*,#1207,.T.);
#1945=ORIENTED_EDGE('',*,*,#1358,.F.);
#1946=ORIENTED_EDGE('',*,*,#1081,.T.);
#1947=ORIENTED_EDGE('',*,*,#1358,.T.);
#1948=ORIENTED_EDGE('',*,*,#1206,.T.);
#1949=ORIENTED_EDGE('',*,*,#1219,.F.);
#1950=ORIENTED_EDGE('',*,*,#1218,.F.);
#1951=ORIENTED_EDGE('',*,*,#1232,.T.);
#1952=ORIENTED_EDGE('',*,*,#1227,.F.);
#1953=ORIENTED_EDGE('',*,*,#1098,.F.);
#1954=ORIENTED_EDGE('',*,*,#1102,.F.);
#1955=PLANE('',#2164);
#1956=PLANE('',#2165);
#1957=PLANE('',#2166);
#1958=PLANE('',#2167);
#1959=PLANE('',#2168);
#1960=PLANE('',#2169);
#1961=PLANE('',#2170);
#1962=PLANE('',#2171);
#1963=PLANE('',#2172);
#1964=PLANE('',#2174);
#1965=PLANE('',#2175);
#1966=PLANE('',#2176);
#1967=PLANE('',#2177);
#1968=PLANE('',#2178);
#1969=PLANE('',#2179);
#1970=PLANE('',#2180);
#1971=PLANE('',#2181);
#1972=PLANE('',#2182);
#1973=PLANE('',#2183);
#1974=PLANE('',#2184);
#1975=PLANE('',#2185);
#1976=PLANE('',#2186);
#1977=PLANE('',#2187);
#1978=PLANE('',#2188);
#1979=PLANE('',#2189);
#1980=PLANE('',#2190);
#1981=PLANE('',#2191);
#1982=PLANE('',#2192);
#1983=PLANE('',#2193);
#1984=PLANE('',#2194);
#1985=PLANE('',#2195);
#1986=PLANE('',#2196);
#1987=PLANE('',#2197);
#1988=PLANE('',#2198);
#1989=PLANE('',#2199);
#1990=PLANE('',#2201);
#1991=PLANE('',#2202);
#1992=PLANE('',#2203);
#1993=PLANE('',#2204);
#1994=PLANE('',#2205);
#1995=PLANE('',#2207);
#1996=PLANE('',#2208);
#1997=PLANE('',#2209);
#1998=PLANE('',#2210);
#1999=PLANE('',#2211);
#2000=PLANE('',#2212);
#2001=PLANE('',#2213);
#2002=PLANE('',#2214);
#2003=PLANE('',#2215);
#2004=PLANE('',#2216);
#2005=PLANE('',#2217);
#2006=PLANE('',#2218);
#2007=PLANE('',#2219);
#2008=PLANE('',#2220);
#2009=PLANE('',#2221);
#2010=PLANE('',#2222);
#2011=PLANE('',#2223);
#2012=PLANE('',#2224);
#2013=PLANE('',#2225);
#2014=PLANE('',#2226);
#2015=PLANE('',#2227);
#2016=PLANE('',#2228);
#2017=PLANE('',#2229);
#2018=PLANE('',#2230);
#2019=PLANE('',#2231);
#2020=PLANE('',#2232);
#2021=PLANE('',#2233);
#2022=PLANE('',#2234);
#2023=PLANE('',#2235);
#2024=PLANE('',#2236);
#2025=PLANE('',#2237);
#2026=PLANE('',#2238);
#2027=PLANE('',#2239);
#2028=PLANE('',#2240);
#2029=PLANE('',#2241);
#2030=PLANE('',#2242);
#2031=PLANE('',#2243);
#2032=PLANE('',#2244);
#2033=PLANE('',#2245);
#2034=PLANE('',#2246);
#2035=PLANE('',#2247);
#2036=PLANE('',#2248);
#2037=PLANE('',#2249);
#2038=PLANE('',#2250);
#2039=PLANE('',#2251);
#2040=PLANE('',#2252);
#2041=PLANE('',#2253);
#2042=PLANE('',#2254);
#2043=PLANE('',#2255);
#2044=PLANE('',#2256);
#2045=PLANE('',#2257);
#2046=PLANE('',#2258);
#2047=PLANE('',#2259);
#2048=PLANE('',#2260);
#2049=PLANE('',#2261);
#2050=PLANE('',#2262);
#2051=PLANE('',#2263);
#2052=ADVANCED_FACE('',(#47),#1955,.F.);
#2053=ADVANCED_FACE('',(#48),#1956,.F.);
#2054=ADVANCED_FACE('',(#49),#1957,.F.);
#2055=ADVANCED_FACE('',(#50),#1958,.F.);
#2056=ADVANCED_FACE('',(#51),#1959,.T.);
#2057=ADVANCED_FACE('',(#52),#1960,.T.);
#2058=ADVANCED_FACE('',(#53),#1961,.T.);
#2059=ADVANCED_FACE('',(#54),#1962,.T.);
#2060=ADVANCED_FACE('',(#55,#18,#19,#20,#21,#22,#23,#24,#25,#26,#27,#28,
#29,#30,#31),#1963,.T.);
#2061=ADVANCED_FACE('',(#56),#1964,.F.);
#2062=ADVANCED_FACE('',(#57),#1965,.F.);
#2063=ADVANCED_FACE('',(#58),#1966,.F.);
#2064=ADVANCED_FACE('',(#59),#1967,.F.);
#2065=ADVANCED_FACE('',(#60),#1968,.T.);
#2066=ADVANCED_FACE('',(#61),#1969,.T.);
#2067=ADVANCED_FACE('',(#62),#1970,.T.);
#2068=ADVANCED_FACE('',(#63),#1971,.T.);
#2069=ADVANCED_FACE('',(#64),#1972,.T.);
#2070=ADVANCED_FACE('',(#65),#1973,.T.);
#2071=ADVANCED_FACE('',(#66,#32),#1974,.T.);
#2072=ADVANCED_FACE('',(#67),#1975,.T.);
#2073=ADVANCED_FACE('',(#68),#1976,.F.);
#2074=ADVANCED_FACE('',(#69),#1977,.T.);
#2075=ADVANCED_FACE('',(#70),#1978,.T.);
#2076=ADVANCED_FACE('',(#71),#1979,.T.);
#2077=ADVANCED_FACE('',(#72),#1980,.T.);
#2078=ADVANCED_FACE('',(#73),#1981,.T.);
#2079=ADVANCED_FACE('',(#74),#1982,.F.);
#2080=ADVANCED_FACE('',(#75),#1983,.T.);
#2081=ADVANCED_FACE('',(#76),#1984,.T.);
#2082=ADVANCED_FACE('',(#77),#1985,.T.);
#2083=ADVANCED_FACE('',(#78),#1986,.T.);
#2084=ADVANCED_FACE('',(#79),#1987,.T.);
#2085=ADVANCED_FACE('',(#80),#1988,.T.);
#2086=ADVANCED_FACE('',(#81,#33,#34,#35,#36,#37,#38,#39,#40,#41,#42,#43,
#44,#45,#46),#1989,.T.);
#2087=ADVANCED_FACE('',(#82),#1990,.T.);
#2088=ADVANCED_FACE('',(#83),#1991,.F.);
#2089=ADVANCED_FACE('',(#84),#1992,.F.);
#2090=ADVANCED_FACE('',(#85),#1993,.F.);
#2091=ADVANCED_FACE('',(#86),#1994,.F.);
#2092=ADVANCED_FACE('',(#87),#15,.F.);
#2093=ADVANCED_FACE('',(#88),#1995,.F.);
#2094=ADVANCED_FACE('',(#89),#1996,.F.);
#2095=ADVANCED_FACE('',(#90),#1997,.F.);
#2096=ADVANCED_FACE('',(#91),#1998,.F.);
#2097=ADVANCED_FACE('',(#92),#1999,.F.);
#2098=ADVANCED_FACE('',(#93),#2000,.F.);
#2099=ADVANCED_FACE('',(#94),#2001,.F.);
#2100=ADVANCED_FACE('',(#95),#2002,.F.);
#2101=ADVANCED_FACE('',(#96),#2003,.F.);
#2102=ADVANCED_FACE('',(#97),#2004,.F.);
#2103=ADVANCED_FACE('',(#98),#2005,.F.);
#2104=ADVANCED_FACE('',(#99),#2006,.F.);
#2105=ADVANCED_FACE('',(#100),#2007,.F.);
#2106=ADVANCED_FACE('',(#101),#2008,.F.);
#2107=ADVANCED_FACE('',(#102),#2009,.F.);
#2108=ADVANCED_FACE('',(#103),#2010,.F.);
#2109=ADVANCED_FACE('',(#104),#2011,.F.);
#2110=ADVANCED_FACE('',(#105),#2012,.F.);
#2111=ADVANCED_FACE('',(#106),#2013,.F.);
#2112=ADVANCED_FACE('',(#107),#2014,.F.);
#2113=ADVANCED_FACE('',(#108),#2015,.F.);
#2114=ADVANCED_FACE('',(#109),#2016,.F.);
#2115=ADVANCED_FACE('',(#110),#2017,.F.);
#2116=ADVANCED_FACE('',(#111),#2018,.F.);
#2117=ADVANCED_FACE('',(#112),#2019,.F.);
#2118=ADVANCED_FACE('',(#113),#2020,.F.);
#2119=ADVANCED_FACE('',(#114),#2021,.F.);
#2120=ADVANCED_FACE('',(#115),#2022,.F.);
#2121=ADVANCED_FACE('',(#116),#2023,.F.);
#2122=ADVANCED_FACE('',(#117),#2024,.F.);
#2123=ADVANCED_FACE('',(#118),#2025,.F.);
#2124=ADVANCED_FACE('',(#119),#2026,.F.);
#2125=ADVANCED_FACE('',(#120),#2027,.F.);
#2126=ADVANCED_FACE('',(#121),#2028,.F.);
#2127=ADVANCED_FACE('',(#122),#2029,.F.);
#2128=ADVANCED_FACE('',(#123),#2030,.F.);
#2129=ADVANCED_FACE('',(#124),#2031,.F.);
#2130=ADVANCED_FACE('',(#125),#2032,.F.);
#2131=ADVANCED_FACE('',(#126),#2033,.F.);
#2132=ADVANCED_FACE('',(#127),#2034,.F.);
#2133=ADVANCED_FACE('',(#128),#2035,.F.);
#2134=ADVANCED_FACE('',(#129),#2036,.F.);
#2135=ADVANCED_FACE('',(#130),#2037,.F.);
#2136=ADVANCED_FACE('',(#131),#2038,.F.);
#2137=ADVANCED_FACE('',(#132),#2039,.F.);
#2138=ADVANCED_FACE('',(#133),#2040,.F.);
#2139=ADVANCED_FACE('',(#134),#2041,.F.);
#2140=ADVANCED_FACE('',(#135),#2042,.F.);
#2141=ADVANCED_FACE('',(#136),#2043,.T.);
#2142=ADVANCED_FACE('',(#137),#2044,.F.);
#2143=ADVANCED_FACE('',(#138),#2045,.T.);
#2144=ADVANCED_FACE('',(#139),#2046,.F.);
#2145=ADVANCED_FACE('',(#140),#2047,.F.);
#2146=ADVANCED_FACE('',(#141),#2048,.T.);
#2147=ADVANCED_FACE('',(#142),#2049,.T.);
#2148=ADVANCED_FACE('',(#143),#2050,.T.);
#2149=ADVANCED_FACE('',(#144),#2051,.T.);
#2150=CLOSED_SHELL('',(#2052,#2053,#2054,#2055,#2056,#2057,#2058,#2059,
#2060,#2061,#2062,#2063,#2064,#2065,#2066,#2067,#2068,#2069,#2070,#2071,
#2072,#2073,#2074,#2075,#2076,#2077,#2078,#2079,#2080,#2081,#2082,#2083,
#2084,#2085,#2086,#2087,#2088,#2089,#2090,#2091,#2092,#2093,#2094,#2095,
#2096,#2097,#2098,#2099,#2100,#2101,#2102,#2103,#2104,#2105,#2106,#2107,
#2108,#2109,#2110,#2111,#2112,#2113,#2114,#2115,#2116,#2117,#2118,#2119,
#2120,#2121,#2122,#2123,#2124,#2125,#2126,#2127,#2128,#2129,#2130,#2131,
#2132,#2133,#2134,#2135,#2136,#2137,#2138,#2139,#2140,#2141,#2142,#2143,
#2144,#2145,#2146,#2147,#2148,#2149));
#2151=DERIVED_UNIT_ELEMENT(#2153,1.);
#2152=DERIVED_UNIT_ELEMENT(#3361,-3.);
#2153=(
MASS_UNIT()
NAMED_UNIT(*)
SI_UNIT(.KILO.,.GRAM.)
);
#2154=DERIVED_UNIT((#2151,#2152));
#2155=MEASURE_REPRESENTATION_ITEM('density measure',
POSITIVE_RATIO_MEASURE(7850.),#2154);
#2156=PROPERTY_DEFINITION_REPRESENTATION(#2161,#2158);
#2157=PROPERTY_DEFINITION_REPRESENTATION(#2162,#2159);
#2158=REPRESENTATION('material name',(#2160),#3358);
#2159=REPRESENTATION('density',(#2155),#3358);
#2160=DESCRIPTIVE_REPRESENTATION_ITEM('Steel','Steel');
#2161=PROPERTY_DEFINITION('material property','material name',#3368);
#2162=PROPERTY_DEFINITION('material property','density of part',#3368);
#2163=AXIS2_PLACEMENT_3D('',#2762,#2264,#2265);
#2164=AXIS2_PLACEMENT_3D('',#2763,#2266,#2267);
#2165=AXIS2_PLACEMENT_3D('',#2772,#2272,#2273);
#2166=AXIS2_PLACEMENT_3D('',#2778,#2277,#2278);
#2167=AXIS2_PLACEMENT_3D('',#2784,#2282,#2283);
#2168=AXIS2_PLACEMENT_3D('',#2808,#2296,#2297);
#2169=AXIS2_PLACEMENT_3D('',#2817,#2302,#2303);
#2170=AXIS2_PLACEMENT_3D('',#2823,#2307,#2308);
#2171=AXIS2_PLACEMENT_3D('',#2832,#2313,#2314);
#2172=AXIS2_PLACEMENT_3D('',#2847,#2323,#2324);
#2173=AXIS2_PLACEMENT_3D('',#2955,#2379,#2380);
#2174=AXIS2_PLACEMENT_3D('',#2964,#2385,#2386);
#2175=AXIS2_PLACEMENT_3D('',#2967,#2389,#2390);
#2176=AXIS2_PLACEMENT_3D('',#2970,#2393,#2394);
#2177=AXIS2_PLACEMENT_3D('',#2973,#2397,#2398);
#2178=AXIS2_PLACEMENT_3D('',#2975,#2400,#2401);
#2179=AXIS2_PLACEMENT_3D('',#2979,#2404,#2405);
#2180=AXIS2_PLACEMENT_3D('',#2988,#2410,#2411);
#2181=AXIS2_PLACEMENT_3D('',#2994,#2415,#2416);
#2182=AXIS2_PLACEMENT_3D('',#3000,#2420,#2421);
#2183=AXIS2_PLACEMENT_3D('',#3009,#2426,#2427);
#2184=AXIS2_PLACEMENT_3D('',#3012,#2430,#2431);
#2185=AXIS2_PLACEMENT_3D('',#3055,#2454,#2455);
#2186=AXIS2_PLACEMENT_3D('',#3061,#2459,#2460);
#2187=AXIS2_PLACEMENT_3D('',#3067,#2464,#2465);
#2188=AXIS2_PLACEMENT_3D('',#3071,#2468,#2469);
#2189=AXIS2_PLACEMENT_3D('',#3078,#2474,#2475);
#2190=AXIS2_PLACEMENT_3D('',#3082,#2478,#2479);
#2191=AXIS2_PLACEMENT_3D('',#3084,#2481,#2482);
#2192=AXIS2_PLACEMENT_3D('',#3092,#2487,#2488);
#2193=AXIS2_PLACEMENT_3D('',#3096,#2491,#2492);
#2194=AXIS2_PLACEMENT_3D('',#3100,#2496,#2497);
#2195=AXIS2_PLACEMENT_3D('',#3118,#2508,#2509);
#2196=AXIS2_PLACEMENT_3D('',#3121,#2512,#2513);
#2197=AXIS2_PLACEMENT_3D('',#3122,#2514,#2515);
#2198=AXIS2_PLACEMENT_3D('',#3124,#2517,#2518);
#2199=AXIS2_PLACEMENT_3D('',#3126,#2520,#2521);
#2200=AXIS2_PLACEMENT_3D('',#3137,#2527,#2528);
#2201=AXIS2_PLACEMENT_3D('',#3234,#2577,#2578);
#2202=AXIS2_PLACEMENT_3D('',#3236,#2580,#2581);
#2203=AXIS2_PLACEMENT_3D('',#3239,#2584,#2585);
#2204=AXIS2_PLACEMENT_3D('',#3241,#2587,#2588);
#2205=AXIS2_PLACEMENT_3D('',#3243,#2590,#2591);
#2206=AXIS2_PLACEMENT_3D('',#3244,#2592,#2593);
#2207=AXIS2_PLACEMENT_3D('',#3246,#2595,#2596);
#2208=AXIS2_PLACEMENT_3D('',#3249,#2599,#2600);
#2209=AXIS2_PLACEMENT_3D('',#3251,#2602,#2603);
#2210=AXIS2_PLACEMENT_3D('',#3253,#2605,#2606);
#2211=AXIS2_PLACEMENT_3D('',#3254,#2607,#2608);
#2212=AXIS2_PLACEMENT_3D('',#3257,#2611,#2612);
#2213=AXIS2_PLACEMENT_3D('',#3259,#2614,#2615);
#2214=AXIS2_PLACEMENT_3D('',#3261,#2617,#2618);
#2215=AXIS2_PLACEMENT_3D('',#3262,#2619,#2620);
#2216=AXIS2_PLACEMENT_3D('',#3265,#2623,#2624);
#2217=AXIS2_PLACEMENT_3D('',#3267,#2626,#2627);
#2218=AXIS2_PLACEMENT_3D('',#3269,#2629,#2630);
#2219=AXIS2_PLACEMENT_3D('',#3270,#2631,#2632);
#2220=AXIS2_PLACEMENT_3D('',#3273,#2635,#2636);
#2221=AXIS2_PLACEMENT_3D('',#3275,#2638,#2639);
#2222=AXIS2_PLACEMENT_3D('',#3277,#2641,#2642);
#2223=AXIS2_PLACEMENT_3D('',#3278,#2643,#2644);
#2224=AXIS2_PLACEMENT_3D('',#3281,#2647,#2648);
#2225=AXIS2_PLACEMENT_3D('',#3283,#2650,#2651);
#2226=AXIS2_PLACEMENT_3D('',#3285,#2653,#2654);
#2227=AXIS2_PLACEMENT_3D('',#3286,#2655,#2656);
#2228=AXIS2_PLACEMENT_3D('',#3289,#2659,#2660);
#2229=AXIS2_PLACEMENT_3D('',#3291,#2662,#2663);
#2230=AXIS2_PLACEMENT_3D('',#3293,#2665,#2666);
#2231=AXIS2_PLACEMENT_3D('',#3294,#2667,#2668);
#2232=AXIS2_PLACEMENT_3D('',#3297,#2671,#2672);
#2233=AXIS2_PLACEMENT_3D('',#3299,#2674,#2675);
#2234=AXIS2_PLACEMENT_3D('',#3301,#2677,#2678);
#2235=AXIS2_PLACEMENT_3D('',#3302,#2679,#2680);
#2236=AXIS2_PLACEMENT_3D('',#3305,#2683,#2684);
#2237=AXIS2_PLACEMENT_3D('',#3307,#2686,#2687);
#2238=AXIS2_PLACEMENT_3D('',#3309,#2689,#2690);
#2239=AXIS2_PLACEMENT_3D('',#3310,#2691,#2692);
#2240=AXIS2_PLACEMENT_3D('',#3313,#2695,#2696);
#2241=AXIS2_PLACEMENT_3D('',#3315,#2698,#2699);
#2242=AXIS2_PLACEMENT_3D('',#3317,#2701,#2702);
#2243=AXIS2_PLACEMENT_3D('',#3318,#2703,#2704);
#2244=AXIS2_PLACEMENT_3D('',#3321,#2707,#2708);
#2245=AXIS2_PLACEMENT_3D('',#3323,#2710,#2711);
#2246=AXIS2_PLACEMENT_3D('',#3325,#2713,#2714);
#2247=AXIS2_PLACEMENT_3D('',#3326,#2715,#2716);
#2248=AXIS2_PLACEMENT_3D('',#3329,#2719,#2720);
#2249=AXIS2_PLACEMENT_3D('',#3331,#2722,#2723);
#2250=AXIS2_PLACEMENT_3D('',#3333,#2725,#2726);
#2251=AXIS2_PLACEMENT_3D('',#3334,#2727,#2728);
#2252=AXIS2_PLACEMENT_3D('',#3337,#2731,#2732);
#2253=AXIS2_PLACEMENT_3D('',#3339,#2734,#2735);
#2254=AXIS2_PLACEMENT_3D('',#3341,#2737,#2738);
#2255=AXIS2_PLACEMENT_3D('',#3342,#2739,#2740);
#2256=AXIS2_PLACEMENT_3D('',#3344,#2742,#2743);
#2257=AXIS2_PLACEMENT_3D('',#3346,#2745,#2746);
#2258=AXIS2_PLACEMENT_3D('',#3348,#2748,#2749);
#2259=AXIS2_PLACEMENT_3D('',#3350,#2751,#2752);
#2260=AXIS2_PLACEMENT_3D('',#3351,#2753,#2754);
#2261=AXIS2_PLACEMENT_3D('',#3352,#2755,#2756);
#2262=AXIS2_PLACEMENT_3D('',#3354,#2758,#2759);
#2263=AXIS2_PLACEMENT_3D('',#3355,#2760,#2761);
#2264=DIRECTION('axis',(0.,0.,1.));
#2265=DIRECTION('refdir',(1.,0.,0.));
#2266=DIRECTION('center_axis',(0.,0.,1.));
#2267=DIRECTION('ref_axis',(1.,0.,0.));
#2268=DIRECTION('',(-1.,0.,0.));
#2269=DIRECTION('',(0.,1.,0.));
#2270=DIRECTION('',(1.,0.,0.));
#2271=DIRECTION('',(0.,1.,0.));
#2272=DIRECTION('center_axis',(-1.,0.,0.));
#2273=DIRECTION('ref_axis',(0.,0.,1.));
#2274=DIRECTION('',(0.,0.,-1.));
#2275=DIRECTION('',(0.,0.,1.));
#2276=DIRECTION('',(0.,1.,0.));
#2277=DIRECTION('center_axis',(1.,0.,0.));
#2278=DIRECTION('ref_axis',(0.,0.,-1.));
#2279=DIRECTION('',(0.,0.,1.));
#2280=DIRECTION('',(0.,1.,0.));
#2281=DIRECTION('',(0.,0.,-1.));
#2282=DIRECTION('center_axis',(0.,-1.,0.));
#2283=DIRECTION('ref_axis',(0.,0.,-1.));
#2284=DIRECTION('',(1.,0.,0.));
#2285=DIRECTION('',(0.707106781186548,0.,-0.707106781186547));
#2286=DIRECTION('',(1.,0.,0.));
#2287=DIRECTION('',(0.707188022324063,0.,-0.707025530713977));
#2288=DIRECTION('',(0.,0.,-1.));
#2289=DIRECTION('',(-0.709180493143551,0.,-0.705026969799503));
#2290=DIRECTION('',(-1.,0.,0.));
#2291=DIRECTION('',(-0.705008117935966,0.,0.709199234097434));
#2292=DIRECTION('',(0.,0.,1.));
#2293=DIRECTION('',(0.000361318390919072,0.,0.999999934724508));
#2294=DIRECTION('',(0.707025530713977,0.,0.707188022324063));
#2295=DIRECTION('',(1.,0.,0.));
#2296=DIRECTION('center_axis',(0.707188022324063,0.,-0.707025530713977));
#2297=DIRECTION('ref_axis',(0.707025530713977,0.,0.707188022324063));
#2298=DIRECTION('',(0.707025530713977,0.,0.707188022324063));
#2299=DIRECTION('',(0.,-1.,0.));
#2300=DIRECTION('',(0.707025530713977,0.,0.707188022324063));
#2301=DIRECTION('',(0.,-1.,0.));
#2302=DIRECTION('center_axis',(0.999999934724508,0.,-0.000361318390919072));
#2303=DIRECTION('ref_axis',(0.000361318390919072,0.,0.999999934724508));
#2304=DIRECTION('',(0.000361318390919072,0.,0.999999934724508));
#2305=DIRECTION('',(0.,1.,0.));
#2306=DIRECTION('',(0.000361318390919072,0.,0.999999934724508));
#2307=DIRECTION('center_axis',(-0.707025530713977,0.,-0.707188022324063));
#2308=DIRECTION('ref_axis',(0.707188022324063,0.,-0.707025530713977));
#2309=DIRECTION('',(-0.707188022324063,0.,0.707025530713977));
#2310=DIRECTION('',(0.,1.,0.));
#2311=DIRECTION('',(0.707188022324063,0.,-0.707025530713977));
#2312=DIRECTION('',(0.,-1.,0.));
#2313=DIRECTION('center_axis',(0.,-1.,0.));
#2314=DIRECTION('ref_axis',(0.,0.,-1.));
#2315=DIRECTION('',(-1.,0.,0.));
#2316=DIRECTION('',(0.,0.,-1.));
#2317=DIRECTION('',(0.705008117935966,0.,-0.709199234097434));
#2318=DIRECTION('',(1.,0.,0.));
#2319=DIRECTION('',(-0.709180493143551,0.,-0.705026969799503));
#2320=DIRECTION('',(0.,0.,1.));
#2321=DIRECTION('',(-1.,0.,0.));
#2322=DIRECTION('',(-0.707106781186548,0.,0.707106781186547));
#2323=DIRECTION('center_axis',(0.,0.,-1.));
#2324=DIRECTION('ref_axis',(-1.,0.,0.));
#2325=DIRECTION('',(0.,-1.,0.));
#2326=DIRECTION('',(0.,-1.,0.));
#2327=DIRECTION('',(0.,-1.,0.));
#2328=DIRECTION('',(1.,0.,0.));
#2329=DIRECTION('',(0.,-1.,0.));
#2330=DIRECTION('',(-1.,0.,0.));
#2331=DIRECTION('',(-1.,0.,0.));
#2332=DIRECTION('',(0.,-1.,0.));
#2333=DIRECTION('',(1.,0.,0.));
#2334=DIRECTION('',(0.,1.,0.));
#2335=DIRECTION('',(-1.,0.,0.));
#2336=DIRECTION('',(0.,-1.,0.));
#2337=DIRECTION('',(1.,0.,0.));
#2338=DIRECTION('',(0.,1.,0.));
#2339=DIRECTION('',(-1.,0.,0.));
#2340=DIRECTION('',(0.,-1.,0.));
#2341=DIRECTION('',(1.,0.,0.));
#2342=DIRECTION('',(0.,1.,0.));
#2343=DIRECTION('',(-1.,0.,0.));
#2344=DIRECTION('',(0.,-1.,0.));
#2345=DIRECTION('',(1.,0.,0.));
#2346=DIRECTION('',(0.,1.,0.));
#2347=DIRECTION('',(-1.,0.,0.));
#2348=DIRECTION('',(0.,-1.,0.));
#2349=DIRECTION('',(1.,0.,0.));
#2350=DIRECTION('',(0.,1.,0.));
#2351=DIRECTION('',(-1.,0.,0.));
#2352=DIRECTION('',(0.,-1.,0.));
#2353=DIRECTION('',(1.,0.,0.));
#2354=DIRECTION('',(0.,1.,0.));
#2355=DIRECTION('',(-1.,0.,0.));
#2356=DIRECTION('',(0.,-1.,0.));
#2357=DIRECTION('',(1.,0.,0.));
#2358=DIRECTION('',(0.,1.,0.));
#2359=DIRECTION('',(-1.,0.,0.));
#2360=DIRECTION('',(0.,-1.,0.));
#2361=DIRECTION('',(1.,0.,0.));
#2362=DIRECTION('',(0.,1.,0.));
#2363=DIRECTION('',(-1.,0.,0.));
#2364=DIRECTION('',(0.,-1.,0.));
#2365=DIRECTION('',(1.,0.,0.));
#2366=DIRECTION('',(0.,1.,0.));
#2367=DIRECTION('',(-1.,0.,0.));
#2368=DIRECTION('',(0.,-1.,0.));
#2369=DIRECTION('',(1.,0.,0.));
#2370=DIRECTION('',(0.,1.,0.));
#2371=DIRECTION('',(-1.,0.,0.));
#2372=DIRECTION('',(0.,-1.,0.));
#2373=DIRECTION('',(1.,0.,0.));
#2374=DIRECTION('',(0.,1.,0.));
#2375=DIRECTION('',(-1.,0.,0.));
#2376=DIRECTION('',(0.,-1.,0.));
#2377=DIRECTION('',(1.,0.,0.));
#2378=DIRECTION('',(0.,1.,0.));
#2379=DIRECTION('center_axis',(0.,0.,1.));
#2380=DIRECTION('ref_axis',(-1.,0.,0.));
#2381=DIRECTION('',(-1.,0.,0.));
#2382=DIRECTION('',(0.,-1.,0.));
#2383=DIRECTION('',(1.,0.,0.));
#2384=DIRECTION('',(0.,1.,0.));
#2385=DIRECTION('center_axis',(-1.,0.,0.));
#2386=DIRECTION('ref_axis',(0.,0.,-1.));
#2387=DIRECTION('',(0.,1.,0.));
#2388=DIRECTION('',(0.,-1.,0.));
#2389=DIRECTION('center_axis',(-0.707106781186547,0.,-0.707106781186548));
#2390=DIRECTION('ref_axis',(0.707106781186548,0.,-0.707106781186547));
#2391=DIRECTION('',(0.,-1.,0.));
#2392=DIRECTION('',(0.,-1.,0.));
#2393=DIRECTION('center_axis',(0.,0.,-1.));
#2394=DIRECTION('ref_axis',(1.,0.,0.));
#2395=DIRECTION('',(0.,-1.,0.));
#2396=DIRECTION('',(-1.,0.,0.));
#2397=DIRECTION('center_axis',(0.709199234097434,0.,0.705008117935966));
#2398=DIRECTION('ref_axis',(-0.705008117935966,0.,0.709199234097434));
#2399=DIRECTION('',(0.,-1.,0.));
#2400=DIRECTION('center_axis',(-0.705026969799503,0.,0.709180493143551));
#2401=DIRECTION('ref_axis',(-0.709180493143551,0.,-0.705026969799503));
#2402=DIRECTION('',(0.,1.,0.));
#2403=DIRECTION('',(0.709180493143551,0.,0.705026969799503));
#2404=DIRECTION('center_axis',(1.,0.,0.));
#2405=DIRECTION('ref_axis',(0.,0.,-1.));
#2406=DIRECTION('',(0.,-1.,0.));
#2407=DIRECTION('',(0.,0.,1.));
#2408=DIRECTION('',(0.,-1.,0.));
#2409=DIRECTION('',(0.,0.,1.));
#2410=DIRECTION('center_axis',(0.,0.,-1.));
#2411=DIRECTION('ref_axis',(-1.,0.,0.));
#2412=DIRECTION('',(0.,1.,0.));
#2413=DIRECTION('',(1.,0.,0.));
#2414=DIRECTION('',(1.,0.,0.));
#2415=DIRECTION('center_axis',(0.708226000502322,0.,0.705985787542841));
#2416=DIRECTION('ref_axis',(-0.705985787542841,0.,0.708226000502322));
#2417=DIRECTION('',(-0.705985787542841,0.,0.708226000502322));
#2418=DIRECTION('',(0.,-1.,0.));
#2419=DIRECTION('',(-0.705985787542841,0.,0.708226000502322));
#2420=DIRECTION('center_axis',(-1.,0.,0.));
#2421=DIRECTION('ref_axis',(0.,0.,-1.));
#2422=DIRECTION('',(0.,0.,1.));
#2423=DIRECTION('',(0.,-1.,0.));
#2424=DIRECTION('',(0.,0.,-1.));
#2425=DIRECTION('',(0.,-1.,0.));
#2426=DIRECTION('center_axis',(0.729901292624647,0.,0.683552560542984));
#2427=DIRECTION('ref_axis',(-0.683552560542984,0.,0.729901292624647));
#2428=DIRECTION('',(0.683552560542984,0.,-0.729901292624647));
#2429=DIRECTION('',(-0.683552560542984,0.,0.729901292624647));
#2430=DIRECTION('center_axis',(0.,-1.,0.));
#2431=DIRECTION('ref_axis',(0.,0.,-1.));
#2432=DIRECTION('',(0.,0.,-1.));
#2433=DIRECTION('',(0.705008117935966,0.,-0.709199234097434));
#2434=DIRECTION('',(1.,0.,0.));
#2435=DIRECTION('',(0.,0.,1.));
#2436=DIRECTION('',(-1.,0.,0.));
#2437=DIRECTION('',(-0.684716522771092,0.,-0.728809497361461));
#2438=DIRECTION('',(-0.708698091477899,0.,-0.705511881640262));
#2439=DIRECTION('',(1.,0.,0.));
#2440=DIRECTION('',(0.708740180139111,0.,0.70546960037721));
#2441=DIRECTION('',(-1.,0.,0.));
#2442=DIRECTION('',(0.,0.,-1.));
#2443=DIRECTION('',(1.,0.,0.));
#2444=DIRECTION('',(-0.707188022324063,0.,0.707025530713977));
#2445=DIRECTION('',(-1.,0.,0.));
#2446=DIRECTION('',(-0.999935610235162,0.,-0.0113479241993349));
#2447=DIRECTION('',(0.69832368547009,0.,-0.715782110918868));
#2448=DIRECTION('',(1.,0.,0.));
#2449=DIRECTION('',(0.696643621370387,0.,0.717417357473286));
#2450=DIRECTION('',(-1.,0.,0.));
#2451=DIRECTION('',(-0.707387784232716,0.,-0.706825666425836));
#2452=DIRECTION('',(-0.707025530713977,0.,-0.707188022324063));
#2453=DIRECTION('',(-0.000361318390919072,0.,-0.999999934724508));
#2454=DIRECTION('center_axis',(-1.,0.,0.));
#2455=DIRECTION('ref_axis',(0.,0.,1.));
#2456=DIRECTION('',(0.,1.,0.));
#2457=DIRECTION('',(0.,0.,-1.));
#2458=DIRECTION('',(0.,-1.,0.));
#2459=DIRECTION('center_axis',(0.,0.,1.));
#2460=DIRECTION('ref_axis',(1.,0.,0.));
#2461=DIRECTION('',(0.,1.,0.));
#2462=DIRECTION('',(1.,0.,0.));
#2463=DIRECTION('',(0.,-1.,0.));
#2464=DIRECTION('center_axis',(-0.715782110918868,0.,-0.69832368547009));
#2465=DIRECTION('ref_axis',(-0.69832368547009,0.,0.715782110918868));
#2466=DIRECTION('',(0.,1.,0.));
#2467=DIRECTION('',(-0.69832368547009,0.,0.715782110918868));
#2468=DIRECTION('center_axis',(-0.706825666425836,0.,0.707387784232716));
#2469=DIRECTION('ref_axis',(0.707387784232716,0.,0.706825666425836));
#2470=DIRECTION('',(0.,1.,0.));
#2471=DIRECTION('',(0.707387784232716,0.,0.706825666425836));
#2472=DIRECTION('',(0.,-1.,0.));
#2473=DIRECTION('',(0.,-1.,0.));
#2474=DIRECTION('center_axis',(0.,0.,1.));
#2475=DIRECTION('ref_axis',(1.,0.,0.));
#2476=DIRECTION('',(0.,1.,0.));
#2477=DIRECTION('',(1.,0.,0.));
#2478=DIRECTION('center_axis',(0.717417357473286,0.,-0.696643621370387));
#2479=DIRECTION('ref_axis',(-0.696643621370387,0.,-0.717417357473286));
#2480=DIRECTION('',(-0.696643621370387,0.,-0.717417357473286));
#2481=DIRECTION('center_axis',(-0.0113479241993349,0.,0.999935610235162));
#2482=DIRECTION('ref_axis',(0.999935610235162,0.,0.0113479241993349));
#2483=DIRECTION('',(0.,1.,0.));
#2484=DIRECTION('',(0.999935610235162,0.,0.0113479241993349));
#2485=DIRECTION('',(0.,1.,0.));
#2486=DIRECTION('',(0.999935610235162,0.,0.0113479241993349));
#2487=DIRECTION('center_axis',(0.,0.,-1.));
#2488=DIRECTION('ref_axis',(-1.,0.,0.));
#2489=DIRECTION('',(0.,1.,0.));
#2490=DIRECTION('',(1.,0.,0.));
#2491=DIRECTION('center_axis',(0.,0.,-1.));
#2492=DIRECTION('ref_axis',(-1.,0.,0.));
#2493=DIRECTION('',(0.,-1.,0.));
#2494=DIRECTION('',(1.,0.,0.));
#2495=DIRECTION('',(-1.,0.,0.));
#2496=DIRECTION('center_axis',(0.,1.,0.));
#2497=DIRECTION('ref_axis',(-1.,0.,0.));
#2498=DIRECTION('',(-0.709180493143551,0.,-0.705026969799503));
#2499=DIRECTION('',(0.708740180139111,0.,0.70546960037721));
#2500=DIRECTION('',(-1.,0.,0.));
#2501=DIRECTION('',(0.708698091477899,0.,0.705511881640262));
#2502=DIRECTION('',(0.684716522771092,0.,0.728809497361461));
#2503=DIRECTION('',(1.,0.,0.));
#2504=DIRECTION('',(0.,0.,-1.));
#2505=DIRECTION('',(-1.,0.,0.));
#2506=DIRECTION('',(0.705008117935966,0.,-0.709199234097434));
#2507=DIRECTION('',(0.,0.,1.));
#2508=DIRECTION('center_axis',(0.,0.,-1.));
#2509=DIRECTION('ref_axis',(1.,0.,0.));
#2510=DIRECTION('',(0.,-1.,0.));
#2511=DIRECTION('',(0.,-1.,0.));
#2512=DIRECTION('center_axis',(0.70546960037721,0.,-0.708740180139111));
#2513=DIRECTION('ref_axis',(0.708740180139111,0.,0.70546960037721));
#2514=DIRECTION('center_axis',(-0.705511881640262,0.,0.708698091477899));
#2515=DIRECTION('ref_axis',(-0.708698091477899,0.,-0.705511881640262));
#2516=DIRECTION('',(0.,-1.,0.));
#2517=DIRECTION('center_axis',(-0.728809497361461,0.,0.684716522771092));
#2518=DIRECTION('ref_axis',(0.684716522771092,0.,0.728809497361461));
#2519=DIRECTION('',(0.,1.,0.));
#2520=DIRECTION('center_axis',(0.,0.,1.));
#2521=DIRECTION('ref_axis',(1.,0.,0.));
#2522=DIRECTION('',(0.,-1.,0.));
#2523=DIRECTION('',(0.,-1.,0.));
#2524=DIRECTION('',(-1.,0.,0.));
#2525=DIRECTION('',(0.,1.,0.));
#2526=DIRECTION('',(1.,0.,0.));
#2527=DIRECTION('center_axis',(0.,0.,-1.));
#2528=DIRECTION('ref_axis',(-1.,0.,0.));
#2529=DIRECTION('',(0.,-1.,0.));
#2530=DIRECTION('',(-1.,0.,0.));
#2531=DIRECTION('',(0.,1.,0.));
#2532=DIRECTION('',(1.,0.,0.));
#2533=DIRECTION('',(0.,-1.,0.));
#2534=DIRECTION('',(-1.,0.,0.));
#2535=DIRECTION('',(0.,1.,0.));
#2536=DIRECTION('',(1.,0.,0.));
#2537=DIRECTION('',(0.,-1.,0.));
#2538=DIRECTION('',(-1.,0.,0.));
#2539=DIRECTION('',(0.,1.,0.));
#2540=DIRECTION('',(1.,0.,0.));
#2541=DIRECTION('',(0.,-1.,0.));
#2542=DIRECTION('',(-1.,0.,0.));
#2543=DIRECTION('',(0.,1.,0.));
#2544=DIRECTION('',(1.,0.,0.));
#2545=DIRECTION('',(0.,-1.,0.));
#2546=DIRECTION('',(-1.,0.,0.));
#2547=DIRECTION('',(0.,1.,0.));
#2548=DIRECTION('',(1.,0.,0.));
#2549=DIRECTION('',(0.,-1.,0.));
#2550=DIRECTION('',(-1.,0.,0.));
#2551=DIRECTION('',(0.,1.,0.));
#2552=DIRECTION('',(1.,0.,0.));
#2553=DIRECTION('',(0.,-1.,0.));
#2554=DIRECTION('',(-1.,0.,0.));
#2555=DIRECTION('',(0.,1.,0.));
#2556=DIRECTION('',(1.,0.,0.));
#2557=DIRECTION('',(0.,-1.,0.));
#2558=DIRECTION('',(-1.,0.,0.));
#2559=DIRECTION('',(0.,1.,0.));
#2560=DIRECTION('',(1.,0.,0.));
#2561=DIRECTION('',(0.,-1.,0.));
#2562=DIRECTION('',(-1.,0.,0.));
#2563=DIRECTION('',(0.,1.,0.));
#2564=DIRECTION('',(1.,0.,0.));
#2565=DIRECTION('',(0.,-1.,0.));
#2566=DIRECTION('',(-1.,0.,0.));
#2567=DIRECTION('',(0.,1.,0.));
#2568=DIRECTION('',(1.,0.,0.));
#2569=DIRECTION('',(0.,-1.,0.));
#2570=DIRECTION('',(-1.,0.,0.));
#2571=DIRECTION('',(0.,1.,0.));
#2572=DIRECTION('',(1.,0.,0.));
#2573=DIRECTION('',(0.,-1.,0.));
#2574=DIRECTION('',(-1.,0.,0.));
#2575=DIRECTION('',(0.,1.,0.));
#2576=DIRECTION('',(1.,0.,0.));
#2577=DIRECTION('center_axis',(1.,0.,0.));
#2578=DIRECTION('ref_axis',(0.,0.,-1.));
#2579=DIRECTION('',(0.,1.,0.));
#2580=DIRECTION('center_axis',(0.,1.,0.));
#2581=DIRECTION('ref_axis',(1.,0.,0.));
#2582=DIRECTION('',(0.,0.,-1.));
#2583=DIRECTION('',(0.,0.,-1.));
#2584=DIRECTION('center_axis',(1.,0.,0.));
#2585=DIRECTION('ref_axis',(0.,-1.,0.));
#2586=DIRECTION('',(0.,0.,-1.));
#2587=DIRECTION('center_axis',(0.,-1.,0.));
#2588=DIRECTION('ref_axis',(-1.,0.,0.));
#2589=DIRECTION('',(0.,0.,-1.));
#2590=DIRECTION('center_axis',(-1.,0.,0.));
#2591=DIRECTION('ref_axis',(0.,1.,0.));
#2592=DIRECTION('center_axis',(0.,0.,-1.));
#2593=DIRECTION('ref_axis',(-1.,0.,0.));
#2594=DIRECTION('',(0.,0.,-1.));
#2595=DIRECTION('center_axis',(0.,1.,0.));
#2596=DIRECTION('ref_axis',(1.,0.,0.));
#2597=DIRECTION('',(0.,0.,-1.));
#2598=DIRECTION('',(0.,0.,-1.));
#2599=DIRECTION('center_axis',(1.,0.,0.));
#2600=DIRECTION('ref_axis',(0.,-1.,0.));
#2601=DIRECTION('',(0.,0.,-1.));
#2602=DIRECTION('center_axis',(0.,-1.,0.));
#2603=DIRECTION('ref_axis',(-1.,0.,0.));
#2604=DIRECTION('',(0.,0.,-1.));
#2605=DIRECTION('center_axis',(-1.,0.,0.));
#2606=DIRECTION('ref_axis',(0.,1.,0.));
#2607=DIRECTION('center_axis',(0.,1.,0.));
#2608=DIRECTION('ref_axis',(1.,0.,0.));
#2609=DIRECTION('',(0.,0.,-1.));
#2610=DIRECTION('',(0.,0.,-1.));
#2611=DIRECTION('center_axis',(1.,0.,0.));
#2612=DIRECTION('ref_axis',(0.,-1.,0.));
#2613=DIRECTION('',(0.,0.,-1.));
#2614=DIRECTION('center_axis',(0.,-1.,0.));
#2615=DIRECTION('ref_axis',(-1.,0.,0.));
#2616=DIRECTION('',(0.,0.,-1.));
#2617=DIRECTION('center_axis',(-1.,0.,0.));
#2618=DIRECTION('ref_axis',(0.,1.,0.));
#2619=DIRECTION('center_axis',(0.,1.,0.));
#2620=DIRECTION('ref_axis',(1.,0.,0.));
#2621=DIRECTION('',(0.,0.,-1.));
#2622=DIRECTION('',(0.,0.,-1.));
#2623=DIRECTION('center_axis',(1.,0.,0.));
#2624=DIRECTION('ref_axis',(0.,-1.,0.));
#2625=DIRECTION('',(0.,0.,-1.));
#2626=DIRECTION('center_axis',(0.,-1.,0.));
#2627=DIRECTION('ref_axis',(-1.,0.,0.));
#2628=DIRECTION('',(0.,0.,-1.));
#2629=DIRECTION('center_axis',(-1.,0.,0.));
#2630=DIRECTION('ref_axis',(0.,1.,0.));
#2631=DIRECTION('center_axis',(0.,1.,0.));
#2632=DIRECTION('ref_axis',(1.,0.,0.));
#2633=DIRECTION('',(0.,0.,-1.));
#2634=DIRECTION('',(0.,0.,-1.));
#2635=DIRECTION('center_axis',(1.,0.,0.));
#2636=DIRECTION('ref_axis',(0.,-1.,0.));
#2637=DIRECTION('',(0.,0.,-1.));
#2638=DIRECTION('center_axis',(0.,-1.,0.));
#2639=DIRECTION('ref_axis',(-1.,0.,0.));
#2640=DIRECTION('',(0.,0.,-1.));
#2641=DIRECTION('center_axis',(-1.,0.,0.));
#2642=DIRECTION('ref_axis',(0.,1.,0.));
#2643=DIRECTION('center_axis',(0.,1.,0.));
#2644=DIRECTION('ref_axis',(1.,0.,0.));
#2645=DIRECTION('',(0.,0.,-1.));
#2646=DIRECTION('',(0.,0.,-1.));
#2647=DIRECTION('center_axis',(1.,0.,0.));
#2648=DIRECTION('ref_axis',(0.,-1.,0.));
#2649=DIRECTION('',(0.,0.,-1.));
#2650=DIRECTION('center_axis',(0.,-1.,0.));
#2651=DIRECTION('ref_axis',(-1.,0.,0.));
#2652=DIRECTION('',(0.,0.,-1.));
#2653=DIRECTION('center_axis',(-1.,0.,0.));
#2654=DIRECTION('ref_axis',(0.,1.,0.));
#2655=DIRECTION('center_axis',(0.,1.,0.));
#2656=DIRECTION('ref_axis',(1.,0.,0.));
#2657=DIRECTION('',(0.,0.,-1.));
#2658=DIRECTION('',(0.,0.,-1.));
#2659=DIRECTION('center_axis',(1.,0.,0.));
#2660=DIRECTION('ref_axis',(0.,-1.,0.));
#2661=DIRECTION('',(0.,0.,-1.));
#2662=DIRECTION('center_axis',(0.,-1.,0.));
#2663=DIRECTION('ref_axis',(-1.,0.,0.));
#2664=DIRECTION('',(0.,0.,-1.));
#2665=DIRECTION('center_axis',(-1.,0.,0.));
#2666=DIRECTION('ref_axis',(0.,1.,0.));
#2667=DIRECTION('center_axis',(0.,1.,0.));
#2668=DIRECTION('ref_axis',(1.,0.,0.));
#2669=DIRECTION('',(0.,0.,-1.));
#2670=DIRECTION('',(0.,0.,-1.));
#2671=DIRECTION('center_axis',(1.,0.,0.));
#2672=DIRECTION('ref_axis',(0.,-1.,0.));
#2673=DIRECTION('',(0.,0.,-1.));
#2674=DIRECTION('center_axis',(0.,-1.,0.));
#2675=DIRECTION('ref_axis',(-1.,0.,0.));
#2676=DIRECTION('',(0.,0.,-1.));
#2677=DIRECTION('center_axis',(-1.,0.,0.));
#2678=DIRECTION('ref_axis',(0.,1.,0.));
#2679=DIRECTION('center_axis',(0.,1.,0.));
#2680=DIRECTION('ref_axis',(1.,0.,0.));
#2681=DIRECTION('',(0.,0.,-1.));
#2682=DIRECTION('',(0.,0.,-1.));
#2683=DIRECTION('center_axis',(1.,0.,0.));
#2684=DIRECTION('ref_axis',(0.,-1.,0.));
#2685=DIRECTION('',(0.,0.,-1.));
#2686=DIRECTION('center_axis',(0.,-1.,0.));
#2687=DIRECTION('ref_axis',(-1.,0.,0.));
#2688=DIRECTION('',(0.,0.,-1.));
#2689=DIRECTION('center_axis',(-1.,0.,0.));
#2690=DIRECTION('ref_axis',(0.,1.,0.));
#2691=DIRECTION('center_axis',(0.,1.,0.));
#2692=DIRECTION('ref_axis',(1.,0.,0.));
#2693=DIRECTION('',(0.,0.,-1.));
#2694=DIRECTION('',(0.,0.,-1.));
#2695=DIRECTION('center_axis',(1.,0.,0.));
#2696=DIRECTION('ref_axis',(0.,-1.,0.));
#2697=DIRECTION('',(0.,0.,-1.));
#2698=DIRECTION('center_axis',(0.,-1.,0.));
#2699=DIRECTION('ref_axis',(-1.,0.,0.));
#2700=DIRECTION('',(0.,0.,-1.));
#2701=DIRECTION('center_axis',(-1.,0.,0.));
#2702=DIRECTION('ref_axis',(0.,1.,0.));
#2703=DIRECTION('center_axis',(0.,1.,0.));
#2704=DIRECTION('ref_axis',(1.,0.,0.));
#2705=DIRECTION('',(0.,0.,-1.));
#2706=DIRECTION('',(0.,0.,-1.));
#2707=DIRECTION('center_axis',(1.,0.,0.));
#2708=DIRECTION('ref_axis',(0.,-1.,0.));
#2709=DIRECTION('',(0.,0.,-1.));
#2710=DIRECTION('center_axis',(0.,-1.,0.));
#2711=DIRECTION('ref_axis',(-1.,0.,0.));
#2712=DIRECTION('',(0.,0.,-1.));
#2713=DIRECTION('center_axis',(-1.,0.,0.));
#2714=DIRECTION('ref_axis',(0.,1.,0.));
#2715=DIRECTION('center_axis',(0.,1.,0.));
#2716=DIRECTION('ref_axis',(1.,0.,0.));
#2717=DIRECTION('',(0.,0.,-1.));
#2718=DIRECTION('',(0.,0.,-1.));
#2719=DIRECTION('center_axis',(1.,0.,0.));
#2720=DIRECTION('ref_axis',(0.,-1.,0.));
#2721=DIRECTION('',(0.,0.,-1.));
#2722=DIRECTION('center_axis',(0.,-1.,0.));
#2723=DIRECTION('ref_axis',(-1.,0.,0.));
#2724=DIRECTION('',(0.,0.,-1.));
#2725=DIRECTION('center_axis',(-1.,0.,0.));
#2726=DIRECTION('ref_axis',(0.,1.,0.));
#2727=DIRECTION('center_axis',(0.,1.,0.));
#2728=DIRECTION('ref_axis',(1.,0.,0.));
#2729=DIRECTION('',(0.,0.,-1.));
#2730=DIRECTION('',(0.,0.,-1.));
#2731=DIRECTION('center_axis',(1.,0.,0.));
#2732=DIRECTION('ref_axis',(0.,-1.,0.));
#2733=DIRECTION('',(0.,0.,-1.));
#2734=DIRECTION('center_axis',(0.,-1.,0.));
#2735=DIRECTION('ref_axis',(-1.,0.,0.));
#2736=DIRECTION('',(0.,0.,-1.));
#2737=DIRECTION('center_axis',(-1.,0.,0.));
#2738=DIRECTION('ref_axis',(0.,1.,0.));
#2739=DIRECTION('center_axis',(0.,0.,1.));
#2740=DIRECTION('ref_axis',(-1.,0.,0.));
#2741=DIRECTION('',(0.,-1.,0.));
#2742=DIRECTION('center_axis',(1.,0.,0.));
#2743=DIRECTION('ref_axis',(0.,0.,1.));
#2744=DIRECTION('',(0.,1.,0.));
#2745=DIRECTION('center_axis',(-0.707025530713977,0.,-0.707188022324063));
#2746=DIRECTION('ref_axis',(0.707188022324063,0.,-0.707025530713977));
#2747=DIRECTION('',(0.,1.,0.));
#2748=DIRECTION('center_axis',(0.,1.,0.));
#2749=DIRECTION('ref_axis',(0.,0.,-1.));
#2750=DIRECTION('',(-1.,0.,0.));
#2751=DIRECTION('center_axis',(0.,0.,-1.));
#2752=DIRECTION('ref_axis',(0.,-1.,0.));
#2753=DIRECTION('center_axis',(-0.709199234097434,0.,-0.705008117935966));
#2754=DIRECTION('ref_axis',(0.705008117935966,0.,-0.709199234097434));
#2755=DIRECTION('center_axis',(0.999999934724508,0.,-0.000361318390919072));
#2756=DIRECTION('ref_axis',(0.000361318390919072,0.,0.999999934724508));
#2757=DIRECTION('',(0.,-1.,0.));
#2758=DIRECTION('center_axis',(0.707188022324063,0.,-0.707025530713977));
#2759=DIRECTION('ref_axis',(0.707025530713977,0.,0.707188022324063));
#2760=DIRECTION('center_axis',(-0.705026969799503,0.,0.709180493143551));
#2761=DIRECTION('ref_axis',(-0.709180493143551,0.,-0.705026969799503));
#2762=CARTESIAN_POINT('',(0.,0.,0.));
#2763=CARTESIAN_POINT('Origin',(69.0000010281801,-25.0000002980232,5.00000007450581));
#2764=CARTESIAN_POINT('',(77.0000011473894,-22.3571888342699,5.00000007450581));
#2765=CARTESIAN_POINT('',(69.0000010281801,-22.3571888342699,5.00000007450581));
#2766=CARTESIAN_POINT('',(74.5050166019778,-22.3571888342699,5.00000007450581));
#2767=CARTESIAN_POINT('',(77.0000011473894,-25.0000002980232,5.00000007450581));
#2768=CARTESIAN_POINT('',(77.0000011473894,-25.0000002980232,5.00000007450581));
#2769=CARTESIAN_POINT('',(69.0000010281801,-25.0000002980232,5.00000007450581));
#2770=CARTESIAN_POINT('',(34.5000005140901,-25.0000002980232,5.00000007450581));
#2771=CARTESIAN_POINT('',(69.0000010281801,-25.0000002980232,5.00000007450581));
#2772=CARTESIAN_POINT('Origin',(69.0000010281801,-25.0000002980232,2.00000002980232));
#2773=CARTESIAN_POINT('',(69.0000010281801,-22.3571888342699,2.));
#2774=CARTESIAN_POINT('',(69.0000010281801,-22.3571888342699,6.8688296439594));
#2775=CARTESIAN_POINT('',(69.0000010281801,-25.0000002980232,2.00000002980232));
#2776=CARTESIAN_POINT('',(69.0000010281801,-25.0000002980232,3.00000004470348));
#2777=CARTESIAN_POINT('',(69.0000010281801,-25.0000002980232,2.00000002980232));
#2778=CARTESIAN_POINT('Origin',(77.0000011473894,-25.0000002980232,5.00000007450581));
#2779=CARTESIAN_POINT('',(77.0000011473894,-22.3571888342699,2.));
#2780=CARTESIAN_POINT('',(77.0000011473894,-22.3571888342699,8.36882966631114));
#2781=CARTESIAN_POINT('',(77.0000011473894,-25.0000002980232,2.00000002980232));
#2782=CARTESIAN_POINT('',(77.0000011473894,-25.0000002980232,2.00000002980232));
#2783=CARTESIAN_POINT('',(77.0000011473894,-25.0000002980232,4.50000006705523));
#2784=CARTESIAN_POINT('Origin',(80.0100321757754,-22.3571888342699,11.7376592581165));
#2785=CARTESIAN_POINT('',(-50.,-22.3571888342699,2.));
#2786=CARTESIAN_POINT('',(15.0038212664039,-22.3571888342699,2.));
#2787=CARTESIAN_POINT('',(-52.1200009109452,-22.3571888342699,4.1200001956895));
#2788=CARTESIAN_POINT('',(-49.9980897244259,-22.3571888342699,1.99808900917017));
#2789=CARTESIAN_POINT('',(-52.1204863502644,-22.3571888342699,4.1200001956895));
#2790=CARTESIAN_POINT('',(-51.0561791890687,-22.3571888342699,4.1200001956895));
#2791=CARTESIAN_POINT('',(-52.1214864439725,-22.3571888342699,4.12100005960465));
#2792=CARTESIAN_POINT('',(-20.9851806540844,-22.3571888342699,-27.0081514964727));
#2793=CARTESIAN_POINT('',(-52.1214864439725,-22.3571888342699,9.62100014901161));
#2794=CARTESIAN_POINT('',(-52.1214864439725,-22.3571888342699,3.06050002980232));
#2795=CARTESIAN_POINT('',(-49.9923574671922,-22.3571888342699,11.7376592581165));
#2796=CARTESIAN_POINT('',(-17.2996758302994,-22.3571888342699,44.2388666262283));
#2797=CARTESIAN_POINT('',(80.0180141409611,-22.3571888342699,11.7376592581165));
#2798=CARTESIAN_POINT('',(15.0088373542916,-22.3571888342699,11.7376592581165));
#2799=CARTESIAN_POINT('',(82.122164544791,-22.3571888342699,9.62100014901161));
#2800=CARTESIAN_POINT('',(80.014866745529,-22.3571888342699,11.740825364113));
#2801=CARTESIAN_POINT('',(82.122164544791,-22.3571888342699,8.68203505922319));
#2802=CARTESIAN_POINT('',(82.122164544791,-22.3571888342699,10.679329703564));
#2803=CARTESIAN_POINT('',(82.1205165588565,-22.3571888342699,4.12100005960465));
#2804=CARTESIAN_POINT('',(82.1218924405267,-22.3571888342699,7.92894788329362));
#2805=CARTESIAN_POINT('',(80.,-22.3571888342699,2.));
#2806=CARTESIAN_POINT('',(82.436925079094,-22.3571888342699,4.43748129819203));
#2807=CARTESIAN_POINT('',(15.0038212664039,-22.3571888342699,2.));
#2808=CARTESIAN_POINT('Origin',(80.0000037997961,-25.0000002980232,1.99999995529652));
#2809=CARTESIAN_POINT('',(80.,80.,2.));
#2810=CARTESIAN_POINT('',(82.1205165588565,79.9999997019768,4.12100005960465));
#2811=CARTESIAN_POINT('',(64.9713642609181,80.,-13.0320935293444));
#2812=CARTESIAN_POINT('',(82.1205165588565,77.5043075206021,4.12100005960465));
#2813=CARTESIAN_POINT('',(82.1205165588565,111.004307520602,4.12100005960465));
#2814=CARTESIAN_POINT('',(80.,77.5043075206021,2.));
#2815=CARTESIAN_POINT('',(80.0050179877857,77.5043075206021,2.00501529566815));
#2816=CARTESIAN_POINT('',(80.,5.,2.));
#2817=CARTESIAN_POINT('Origin',(82.1205165588565,-25.0000002980232,4.12100005960465));
#2818=CARTESIAN_POINT('',(82.122164544791,80.,8.68203505922319));
#2819=CARTESIAN_POINT('',(82.1210088096966,80.,5.48337413276676));
#2820=CARTESIAN_POINT('',(82.122164544791,77.5043075206021,8.68203505922319));
#2821=CARTESIAN_POINT('',(82.122164544791,95.5021537603011,8.68203505921466));
#2822=CARTESIAN_POINT('',(82.1201350550808,77.5043075206021,3.06513420723098));
#2823=CARTESIAN_POINT('Origin',(-52.1214864439725,111.004307520602,4.12100005960464));
#2824=CARTESIAN_POINT('',(-52.1204863502644,79.8694116616005,4.1200001956895));
#2825=CARTESIAN_POINT('',(-52.1214864439725,79.8694116616005,4.12100005960465));
#2826=CARTESIAN_POINT('',(-40.7123704260328,79.8694116616005,-7.285494469321));
#2827=CARTESIAN_POINT('',(-52.1204863502644,77.5043075206021,4.1200001956895));
#2828=CARTESIAN_POINT('',(-52.1204863502644,95.4368595911013,4.1200001956895));
#2829=CARTESIAN_POINT('',(-52.1214864439725,77.5043075206021,4.12100005960465));
#2830=CARTESIAN_POINT('',(-53.4927465849662,77.5043075206021,5.49194512418136));
#2831=CARTESIAN_POINT('',(-52.1214864439725,80.0000005960464,4.12100005960465));
#2832=CARTESIAN_POINT('Origin',(-49.9923574671922,77.5043075206021,11.7376592581165));
#2833=CARTESIAN_POINT('',(-50.,77.5043075206021,2.));
#2834=CARTESIAN_POINT('',(-49.9961787335961,77.5043075206022,2.));
#2835=CARTESIAN_POINT('',(82.122164544791,77.5043075206021,9.62100014901161));
#2836=CARTESIAN_POINT('',(82.122164544791,77.5043075206021,7.92932965886056));
#2837=CARTESIAN_POINT('',(80.0180141409611,77.5043075206021,11.7376592581165));
#2838=CARTESIAN_POINT('',(48.7601427961315,77.5043075206022,43.1813516827798));
#2839=CARTESIAN_POINT('',(-49.9923574671922,77.5043075206021,11.7376592581165));
#2840=CARTESIAN_POINT('',(15.0088373542916,77.5043075206021,11.7376592581165));
#2841=CARTESIAN_POINT('',(-52.1214864439725,77.5043075206021,9.62100014901161));
#2842=CARTESIAN_POINT('',(-49.9911799207949,77.5043075206021,11.7388299078683));
#2843=CARTESIAN_POINT('',(-52.1214864439725,77.5043075206022,10.679329703564));
#2844=CARTESIAN_POINT('',(-52.1200009109452,77.5043075206021,4.1200001956895));
#2845=CARTESIAN_POINT('',(-24.9961787335961,77.5043075206021,4.1200001956895));
#2846=CARTESIAN_POINT('',(-53.4925048156137,77.5043075206022,5.49250410035797));
#2847=CARTESIAN_POINT('Origin',(80.0100321757754,-20.,11.7376592581165));
#2848=CARTESIAN_POINT('',(-49.9923574671922,80.,11.7376592581165));
#2849=CARTESIAN_POINT('',(-49.9923574671922,45.5021537603011,11.7376592581165));
#2850=CARTESIAN_POINT('',(80.0180141409611,87.6428111657301,11.7376592581165));
#2851=CARTESIAN_POINT('',(-49.9923574671922,-25.,11.7376592581165));
#2852=CARTESIAN_POINT('',(-49.9923574671922,-24.5000001490116,11.7376592581165));
#2853=CARTESIAN_POINT('',(-49.9950319352092,-25.,11.7376592581165));
#2854=CARTESIAN_POINT('',(80.0100321757754,-25.,11.7376592581165));
#2855=CARTESIAN_POINT('',(-49.9950319352092,80.,11.7376592581165));
#2856=CARTESIAN_POINT('',(-49.9950319352092,80.,11.7376592581165));
#2857=CARTESIAN_POINT('',(80.0100321757754,80.,11.7376592581165));
#2858=CARTESIAN_POINT('',(30.,0.,11.7376592581165));
#2859=CARTESIAN_POINT('',(10.,0.,11.7376592581165));
#2860=CARTESIAN_POINT('',(45.0050160878877,0.,11.7376592581165));
#2861=CARTESIAN_POINT('',(10.,-20.,11.7376592581165));
#2862=CARTESIAN_POINT('',(10.,-20.,11.7376592581165));
#2863=CARTESIAN_POINT('',(30.,-20.,11.7376592581165));
#2864=CARTESIAN_POINT('',(55.0050160878877,-20.,11.7376592581165));
#2865=CARTESIAN_POINT('',(30.,-10.,11.7376592581165));
#2866=CARTESIAN_POINT('',(55.,25.,11.7376592581165));
#2867=CARTESIAN_POINT('',(35.,25.,11.7376592581165));
#2868=CARTESIAN_POINT('',(57.5050160878877,25.,11.7376592581165));
#2869=CARTESIAN_POINT('',(35.,5.,11.7376592581165));
#2870=CARTESIAN_POINT('',(35.,-7.5,11.7376592581165));
#2871=CARTESIAN_POINT('',(55.,5.,11.7376592581165));
#2872=CARTESIAN_POINT('',(67.5050160878877,5.,11.7376592581165));
#2873=CARTESIAN_POINT('',(55.,2.5,11.7376592581165));
#2874=CARTESIAN_POINT('',(30.,50.,11.7376592581165));
#2875=CARTESIAN_POINT('',(10.,50.,11.7376592581165));
#2876=CARTESIAN_POINT('',(45.0050160878877,50.,11.7376592581165));
#2877=CARTESIAN_POINT('',(10.,30.,11.7376592581165));
#2878=CARTESIAN_POINT('',(10.,5.,11.7376592581165));
#2879=CARTESIAN_POINT('',(30.,30.,11.7376592581165));
#2880=CARTESIAN_POINT('',(55.0050160878877,30.,11.7376592581165));
#2881=CARTESIAN_POINT('',(30.,15.,11.7376592581165));
#2882=CARTESIAN_POINT('',(-20.,50.,11.7376592581165));
#2883=CARTESIAN_POINT('',(-40.,50.,11.7376592581165));
#2884=CARTESIAN_POINT('',(20.0050160878877,50.,11.7376592581165));
#2885=CARTESIAN_POINT('',(-40.,30.,11.7376592581165));
#2886=CARTESIAN_POINT('',(-40.,5.,11.7376592581165));
#2887=CARTESIAN_POINT('',(-20.,30.,11.7376592581165));
#2888=CARTESIAN_POINT('',(30.0050160878877,30.,11.7376592581165));
#2889=CARTESIAN_POINT('',(-20.,15.,11.7376592581165));
#2890=CARTESIAN_POINT('',(-20.,25.,11.7376592581165));
#2891=CARTESIAN_POINT('',(-40.,25.,11.7376592581165));
#2892=CARTESIAN_POINT('',(20.0050160878877,25.,11.7376592581165));
#2893=CARTESIAN_POINT('',(-40.,5.,11.7376592581165));
#2894=CARTESIAN_POINT('',(-40.,-7.5,11.7376592581165));
#2895=CARTESIAN_POINT('',(-20.,5.,11.7376592581165));
#2896=CARTESIAN_POINT('',(30.0050160878877,5.,11.7376592581165));
#2897=CARTESIAN_POINT('',(-20.,2.5,11.7376592581165));
#2898=CARTESIAN_POINT('',(75.,50.,11.7376592581165));
#2899=CARTESIAN_POINT('',(55.,50.,11.7376592581165));
#2900=CARTESIAN_POINT('',(67.5050160878877,50.,11.7376592581165));
#2901=CARTESIAN_POINT('',(55.,30.,11.7376592581165));
#2902=CARTESIAN_POINT('',(55.,5.,11.7376592581165));
#2903=CARTESIAN_POINT('',(75.,30.,11.7376592581165));
#2904=CARTESIAN_POINT('',(77.5050160878877,30.,11.7376592581165));
#2905=CARTESIAN_POINT('',(75.,15.,11.7376592581165));
#2906=CARTESIAN_POINT('',(5.,0.,11.7376592581165));
#2907=CARTESIAN_POINT('',(-15.,0.,11.7376592581165));
#2908=CARTESIAN_POINT('',(32.5050160878877,0.,11.7376592581165));
#2909=CARTESIAN_POINT('',(-15.,-20.,11.7376592581165));
#2910=CARTESIAN_POINT('',(-15.,-20.,11.7376592581165));
#2911=CARTESIAN_POINT('',(5.,-20.,11.7376592581165));
#2912=CARTESIAN_POINT('',(42.5050160878877,-20.,11.7376592581165));
#2913=CARTESIAN_POINT('',(5.,-10.,11.7376592581165));
#2914=CARTESIAN_POINT('',(55.,0.,11.7376592581165));
#2915=CARTESIAN_POINT('',(35.,0.,11.7376592581165));
#2916=CARTESIAN_POINT('',(57.5050160878877,0.,11.7376592581165));
#2917=CARTESIAN_POINT('',(35.,-20.,11.7376592581165));
#2918=CARTESIAN_POINT('',(35.,-20.,11.7376592581165));
#2919=CARTESIAN_POINT('',(55.,-20.,11.7376592581165));
#2920=CARTESIAN_POINT('',(67.5050160878877,-20.,11.7376592581165));
#2921=CARTESIAN_POINT('',(55.,-10.,11.7376592581165));
#2922=CARTESIAN_POINT('',(30.,25.,11.7376592581165));
#2923=CARTESIAN_POINT('',(10.,25.,11.7376592581165));
#2924=CARTESIAN_POINT('',(45.0050160878877,25.,11.7376592581165));
#2925=CARTESIAN_POINT('',(10.,5.,11.7376592581165));
#2926=CARTESIAN_POINT('',(10.,-7.5,11.7376592581165));
#2927=CARTESIAN_POINT('',(30.,5.,11.7376592581165));
#2928=CARTESIAN_POINT('',(55.0050160878877,5.,11.7376592581165));
#2929=CARTESIAN_POINT('',(30.,2.5,11.7376592581165));
#2930=CARTESIAN_POINT('',(5.,50.,11.7376592581165));
#2931=CARTESIAN_POINT('',(-15.,50.,11.7376592581165));
#2932=CARTESIAN_POINT('',(32.5050160878877,50.,11.7376592581165));
#2933=CARTESIAN_POINT('',(-15.,30.,11.7376592581165));
#2934=CARTESIAN_POINT('',(-15.,5.,11.7376592581165));
#2935=CARTESIAN_POINT('',(5.,30.,11.7376592581165));
#2936=CARTESIAN_POINT('',(42.5050160878877,30.,11.7376592581165));
#2937=CARTESIAN_POINT('',(5.,15.,11.7376592581165));
#2938=CARTESIAN_POINT('',(15.0075001202831,75.,11.7376592581165));
#2939=CARTESIAN_POINT('',(-40.,75.,11.7376592581165));
#2940=CARTESIAN_POINT('',(20.0050160878877,75.,11.7376592581165));
#2941=CARTESIAN_POINT('',(-40.,54.7502471126042,11.7376592581165));
#2942=CARTESIAN_POINT('',(-40.,17.3751235563021,11.7376592581165));
#2943=CARTESIAN_POINT('',(15.0075001202831,54.7502471126042,11.7376592581165));
#2944=CARTESIAN_POINT('',(47.5087661480293,54.7502471126042,11.7376592581165));
#2945=CARTESIAN_POINT('',(15.0075001202831,27.5,11.7376592581165));
#2946=CARTESIAN_POINT('',(5.,25.,11.7376592581165));
#2947=CARTESIAN_POINT('',(-15.,25.,11.7376592581165));
#2948=CARTESIAN_POINT('',(32.5050160878877,25.,11.7376592581165));
#2949=CARTESIAN_POINT('',(-15.,5.,11.7376592581165));
#2950=CARTESIAN_POINT('',(-15.,-7.5,11.7376592581165));
#2951=CARTESIAN_POINT('',(5.,5.,11.7376592581165));
#2952=CARTESIAN_POINT('',(42.5050160878877,5.,11.7376592581165));
#2953=CARTESIAN_POINT('',(5.,2.5,11.7376592581165));
#2954=CARTESIAN_POINT('',(73.4096623311864,64.8192580758418,11.7376592581165));
#2955=CARTESIAN_POINT('Origin',(62.7739902239342,64.8192580758418,11.7376592581165));
#2956=CARTESIAN_POINT('',(-20.,0.,11.7376592581165));
#2957=CARTESIAN_POINT('',(-40.,0.,11.7376592581165));
#2958=CARTESIAN_POINT('',(20.0050160878877,0.,11.7376592581165));
#2959=CARTESIAN_POINT('',(-40.,-20.,11.7376592581165));
#2960=CARTESIAN_POINT('',(-40.,-20.,11.7376592581165));
#2961=CARTESIAN_POINT('',(-20.,-20.,11.7376592581165));
#2962=CARTESIAN_POINT('',(30.0050160878877,-20.,11.7376592581165));
#2963=CARTESIAN_POINT('',(-20.,-10.,11.7376592581165));
#2964=CARTESIAN_POINT('Origin',(-52.1214864439725,87.6428111657301,9.62100014901161));
#2965=CARTESIAN_POINT('',(-52.1214864439725,29.9999998509884,9.62100014901161));
#2966=CARTESIAN_POINT('',(-52.1214864439725,80.0000005960464,4.12100005960465));
#2967=CARTESIAN_POINT('Origin',(-52.1200009109452,87.6428111657301,4.1200001956895));
#2968=CARTESIAN_POINT('',(-52.1200009109452,87.6428111657301,4.1200001956895));
#2969=CARTESIAN_POINT('',(-50.,87.6428111657301,2.));
#2970=CARTESIAN_POINT('Origin',(-50.,87.6428111657301,2.));
#2971=CARTESIAN_POINT('',(80.,5.,2.));
#2972=CARTESIAN_POINT('',(38.5000005736947,-25.0000002980232,2.00000002980232));
#2973=CARTESIAN_POINT('Origin',(82.122164544791,87.6428111657301,9.62100014901161));
#2974=CARTESIAN_POINT('',(82.122164544791,87.6428111657301,9.62100014901161));
#2975=CARTESIAN_POINT('Origin',(-49.9900023743976,-25.0000002980232,11.7400005576201));
#2976=CARTESIAN_POINT('',(-52.1214864439725,-25.0000002980232,9.62100014901161));
#2977=CARTESIAN_POINT('',(-52.1214864439725,29.9999998509884,9.62100014901161));
#2978=CARTESIAN_POINT('',(-34.8644160190085,-25.0000002980232,26.7769994848059));
#2979=CARTESIAN_POINT('Origin',(84.001,30.0000004470348,7.00000010430813));
#2980=CARTESIAN_POINT('',(84.001,80.0000011920929,9.62100014901161));
#2981=CARTESIAN_POINT('',(84.001,-25.0000002980232,9.62100014901161));
#2982=CARTESIAN_POINT('',(84.001,5.00000007450581,9.62100014901161));
#2983=CARTESIAN_POINT('',(84.001,-25.0000002980232,4.12100005960465));
#2984=CARTESIAN_POINT('',(84.001,-25.0000002980232,4.50000005960464));
#2985=CARTESIAN_POINT('',(84.001,80.0000011920929,4.12100005960465));
#2986=CARTESIAN_POINT('',(84.001,-20.0000002980232,4.12100005960465));
#2987=CARTESIAN_POINT('',(84.001,80.0000011920929,4.50000005960464));
#2988=CARTESIAN_POINT('Origin',(0.,80.0000011920929,4.12100005960465));
#2989=CARTESIAN_POINT('',(82.122164544791,-25.0000002980232,4.12100005960465));
#2990=CARTESIAN_POINT('',(82.122164544791,80.,4.12100005960465));
#2991=CARTESIAN_POINT('',(82.122164544791,80.0000005960464,4.12100005960465));
#2992=CARTESIAN_POINT('',(-52.121,80.0000011920929,4.12100005960465));
#2993=CARTESIAN_POINT('',(-52.121,-25.0000002980232,4.12100005960465));
#2994=CARTESIAN_POINT('Origin',(84.001,80.,9.62100014901161));
#2995=CARTESIAN_POINT('',(81.8830426373715,80.,11.7456781505186));
#2996=CARTESIAN_POINT('',(84.001,80.,9.62100014901161));
#2997=CARTESIAN_POINT('',(81.8830426373715,-25.,11.7456781505186));
#2998=CARTESIAN_POINT('',(81.8830426373715,80.,11.7456781505186));
#2999=CARTESIAN_POINT('',(84.001,-25.,9.62100014901161));
#3000=CARTESIAN_POINT('Origin',(80.0100426373715,80.,13.7456781505186));
#3001=CARTESIAN_POINT('',(80.0100426373715,80.,11.7456781505186));
#3002=CARTESIAN_POINT('',(80.0100426373715,80.,13.7456781505186));
#3003=CARTESIAN_POINT('',(80.0100426373715,80.,11.7456781505186));
#3004=CARTESIAN_POINT('',(80.0100426373715,-25.,11.7456781505186));
#3005=CARTESIAN_POINT('',(80.0100426373715,80.,11.7456781505186));
#3006=CARTESIAN_POINT('',(80.0100426373715,-25.,13.7456781505186));
#3007=CARTESIAN_POINT('',(80.0100426373715,-25.,11.7456781505186));
#3008=CARTESIAN_POINT('',(80.0100426373715,80.,13.7456781505186));
#3009=CARTESIAN_POINT('Origin',(81.8830426373715,80.,11.7456781505186));
#3010=CARTESIAN_POINT('',(80.0100426373715,80.,13.7456781505186));
#3011=CARTESIAN_POINT('',(80.0100426373715,-25.,13.7456781505186));
#3012=CARTESIAN_POINT('Origin',(0.,-25.0000002980232,4.00000005960464));
#3013=CARTESIAN_POINT('',(82.122164544791,-25.0000002980232,8.68203505922319));
#3014=CARTESIAN_POINT('',(82.122164544791,-25.0000002980232,4.06050005960464));
#3015=CARTESIAN_POINT('',(80.0156866777078,-25.,11.7400005576201));
#3016=CARTESIAN_POINT('',(80.0100426373715,-25.,11.7456781505186));
#3017=CARTESIAN_POINT('',(80.0100321757754,-25.,11.7400005576201));
#3018=CARTESIAN_POINT('',(47.5102562645323,-25.0000002980232,11.7400005576201));
#3019=CARTESIAN_POINT('',(80.0100321757754,-25.,13.7376592581165));
#3020=CARTESIAN_POINT('',(80.0100321757754,-25.,13.7376592581165));
#3021=CARTESIAN_POINT('',(-49.9950319352092,-25.,13.7376592581165));
#3022=CARTESIAN_POINT('',(-49.9950319352092,-25.,13.7376592581165));
#3023=CARTESIAN_POINT('',(-51.8740319352092,-25.,11.7376592581165));
#3024=CARTESIAN_POINT('',(-49.9950319352092,-25.,13.7376592581165));
#3025=CARTESIAN_POINT('',(-53.9999987930059,-25.,9.62125045698485));
#3026=CARTESIAN_POINT('',(-53.9999987930059,-25.,9.62125045698485));
#3027=CARTESIAN_POINT('',(-52.1212524756265,-25.,9.62125045698485));
#3028=CARTESIAN_POINT('',(-52.1212524756265,-25.,9.62125045698485));
#3029=CARTESIAN_POINT('',(-52.1212524756265,-25.,9.62125045698485));
#3030=CARTESIAN_POINT('',(-54.,-25.0000002980232,9.62100014901161));
#3031=CARTESIAN_POINT('',(0.,-25.0000002980232,9.62100014901161));
#3032=CARTESIAN_POINT('',(-54.,-25.0000002980232,4.12100005960465));
#3033=CARTESIAN_POINT('',(-54.,-25.0000002980232,4.50000005960464));
#3034=CARTESIAN_POINT('',(-52.1214864439725,-25.0000002980232,4.12100005960465));
#3035=CARTESIAN_POINT('',(-52.121,-25.0000002980232,4.12100005960465));
#3036=CARTESIAN_POINT('',(-52.1204863502644,-25.,4.1200001956895));
#3037=CARTESIAN_POINT('',(-36.024381559637,-25.0000002980232,-11.9724061697653));
#3038=CARTESIAN_POINT('',(-52.2376500879437,-25.000000949949,4.1200001956895));
#3039=CARTESIAN_POINT('',(-25.,-25.,4.1200001956895));
#3040=CARTESIAN_POINT('',(-53.9999987930059,-25.,4.09999990835786));
#3041=CARTESIAN_POINT('',(-53.9999987930059,-25.,4.09999990835786));
#3042=CARTESIAN_POINT('',(-50.,-25.,0.));
#3043=CARTESIAN_POINT('',(-50.0000007450581,-25.,0.));
#3044=CARTESIAN_POINT('',(80.,-25.,0.));
#3045=CARTESIAN_POINT('',(80.,-25.,0.));
#3046=CARTESIAN_POINT('',(84.0011645447911,-25.,4.12047702907983));
#3047=CARTESIAN_POINT('',(84.0011645447911,-25.,4.12047702907983));
#3048=CARTESIAN_POINT('',(82.122164544791,-25.,4.12047702907983));
#3049=CARTESIAN_POINT('',(82.122164544791,-25.,4.12047702907983));
#3050=CARTESIAN_POINT('',(80.,-25.,2.));
#3051=CARTESIAN_POINT('',(80.0000011920929,-25.,2.00000002980232));
#3052=CARTESIAN_POINT('',(82.1205165588565,-25.0000002980232,4.12100005960465));
#3053=CARTESIAN_POINT('',(64.9713642609181,-25.0000002980232,-13.0320935293444));
#3054=CARTESIAN_POINT('',(82.1210088096966,-25.0000002980232,5.48337413276676));
#3055=CARTESIAN_POINT('Origin',(-54.,30.0000004470348,7.00000010430813));
#3056=CARTESIAN_POINT('',(-54.,80.0000011920929,9.62100014901161));
#3057=CARTESIAN_POINT('',(-54.,5.00000007450581,9.62100014901161));
#3058=CARTESIAN_POINT('',(-54.,80.0000011920929,4.12100005960465));
#3059=CARTESIAN_POINT('',(-54.,80.0000011920929,10.0000001490116));
#3060=CARTESIAN_POINT('',(-54.,-20.0000002980232,4.12100005960465));
#3061=CARTESIAN_POINT('Origin',(15.,30.,0.));
#3062=CARTESIAN_POINT('',(-50.,80.,0.));
#3063=CARTESIAN_POINT('',(-50.,-20.,0.));
#3064=CARTESIAN_POINT('',(80.,80.,0.));
#3065=CARTESIAN_POINT('',(-50.,80.,0.));
#3066=CARTESIAN_POINT('',(80.,-20.,0.));
#3067=CARTESIAN_POINT('Origin',(-50.0000007450581,0.,0.));
#3068=CARTESIAN_POINT('',(-53.9999987930059,80.,4.09999990835786));
#3069=CARTESIAN_POINT('',(-53.9999987930059,0.,4.09999990835786));
#3070=CARTESIAN_POINT('',(-50.0000007450581,80.,0.));
#3071=CARTESIAN_POINT('Origin',(80.0000011920929,0.,2.00000002980232));
#3072=CARTESIAN_POINT('',(82.122164544791,80.,4.12047702907983));
#3073=CARTESIAN_POINT('',(82.122164544791,0.,4.12047702907983));
#3074=CARTESIAN_POINT('',(80.0000011920929,80.,2.00000002980232));
#3075=CARTESIAN_POINT('',(80.,-24.,2.));
#3076=CARTESIAN_POINT('',(80.,5.,2.));
#3077=CARTESIAN_POINT('',(80.,5.,2.));
#3078=CARTESIAN_POINT('Origin',(82.122164544791,0.,4.12047702907983));
#3079=CARTESIAN_POINT('',(84.0011645447911,80.,4.12047702907983));
#3080=CARTESIAN_POINT('',(84.0011645447911,0.,4.12047702907983));
#3081=CARTESIAN_POINT('',(82.122164544791,80.,4.12047702907983));
#3082=CARTESIAN_POINT('Origin',(84.0011645447911,0.,4.12047702907983));
#3083=CARTESIAN_POINT('',(84.0011645447911,80.,4.12047702907983));
#3084=CARTESIAN_POINT('Origin',(-53.9999987930059,0.,4.09999990835786));
#3085=CARTESIAN_POINT('',(-52.1495459098948,79.8694116616005,4.12100005960465));
#3086=CARTESIAN_POINT('',(-52.1495459098948,80.0000011920929,4.12100005960465));
#3087=CARTESIAN_POINT('',(-52.1495459098948,40.0000005960464,4.12100005960465));
#3088=CARTESIAN_POINT('',(-53.9999987930059,80.,4.09999990835786));
#3089=CARTESIAN_POINT('',(-52.2376500879437,79.8694116616005,4.1200001956895));
#3090=CARTESIAN_POINT('',(-52.2376500879437,39.9347058308003,4.1200001956895));
#3091=CARTESIAN_POINT('',(-26.9664844793133,79.8694116616005,4.40679393402644));
#3092=CARTESIAN_POINT('Origin',(0.,-20.0000002980232,9.62100014901161));
#3093=CARTESIAN_POINT('',(-52.1214864439725,80.,9.62100014901161));
#3094=CARTESIAN_POINT('',(-52.1214864439725,29.9999998509884,9.62100014901161));
#3095=CARTESIAN_POINT('',(-52.121,80.0000011920929,9.62100014901161));
#3096=CARTESIAN_POINT('Origin',(0.,80.0000011920929,4.12100005960465));
#3097=CARTESIAN_POINT('',(-52.1214864439725,80.0000005960464,4.12100005960465));
#3098=CARTESIAN_POINT('',(0.,80.0000011920929,4.12100005960465));
#3099=CARTESIAN_POINT('',(0.,79.8694116616005,4.12100005960465));
#3100=CARTESIAN_POINT('Origin',(80.,80.,0.));
#3101=CARTESIAN_POINT('',(-34.8644160190085,80.,26.7769994848059));
#3102=CARTESIAN_POINT('',(-52.1212524756265,80.,9.62125045698485));
#3103=CARTESIAN_POINT('',(-52.1212524756265,80.,9.62125045698485));
#3104=CARTESIAN_POINT('',(-53.9999987930059,80.,9.62125045698485));
#3105=CARTESIAN_POINT('',(-52.1212524756265,80.,9.62125045698485));
#3106=CARTESIAN_POINT('',(-51.8740319352092,80.,11.7376592581165));
#3107=CARTESIAN_POINT('',(-53.9999987930059,80.,9.62125045698485));
#3108=CARTESIAN_POINT('',(-49.9950319352092,80.,13.7376592581165));
#3109=CARTESIAN_POINT('',(-49.9950319352092,80.,13.7376592581165));
#3110=CARTESIAN_POINT('',(80.0100321757754,80.,13.7376592581165));
#3111=CARTESIAN_POINT('',(-49.9950319352092,80.,13.7376592581165));
#3112=CARTESIAN_POINT('',(80.0100321757754,80.,11.7400005576201));
#3113=CARTESIAN_POINT('',(80.0100321757754,80.,13.7376592581165));
#3114=CARTESIAN_POINT('',(80.0156866777078,80.,11.7400005576201));
#3115=CARTESIAN_POINT('',(80.0150179882607,80.,11.7400005576201));
#3116=CARTESIAN_POINT('',(80.0100426373715,80.,11.7456781505186));
#3117=CARTESIAN_POINT('',(82.122164544791,80.,2.06050002980232));
#3118=CARTESIAN_POINT('Origin',(-53.9999987930059,80.,9.62125045698485));
#3119=CARTESIAN_POINT('',(-52.1212524756265,80.,9.62125045698485));
#3120=CARTESIAN_POINT('',(-53.9999987930059,80.,9.62125045698485));
#3121=CARTESIAN_POINT('Origin',(-52.1212524756265,80.,9.62125045698485));
#3122=CARTESIAN_POINT('Origin',(-51.8740319352092,80.,11.7376592581165));
#3123=CARTESIAN_POINT('',(-51.8740319352092,80.,11.7376592581165));
#3124=CARTESIAN_POINT('Origin',(-51.8740319352092,-20.,11.7376592581165));
#3125=CARTESIAN_POINT('',(-49.9950319352092,-20.,13.7376592581165));
#3126=CARTESIAN_POINT('Origin',(-49.9950319352092,-20.,13.7376592581165));
#3127=CARTESIAN_POINT('',(80.0100321757754,-20.,13.7376592581165));
#3128=CARTESIAN_POINT('',(-20.,0.,13.7376592581165));
#3129=CARTESIAN_POINT('',(-20.,-20.,13.7376592581165));
#3130=CARTESIAN_POINT('',(-20.,-10.,13.7376592581165));
#3131=CARTESIAN_POINT('',(-40.,-20.,13.7376592581165));
#3132=CARTESIAN_POINT('',(-34.9975159676046,-20.,13.7376592581165));
#3133=CARTESIAN_POINT('',(-40.,0.,13.7376592581165));
#3134=CARTESIAN_POINT('',(-40.,-20.,13.7376592581165));
#3135=CARTESIAN_POINT('',(-44.9975159676046,0.,13.7376592581165));
#3136=CARTESIAN_POINT('',(73.4096623311864,64.8192580758418,13.7376592581165));
#3137=CARTESIAN_POINT('Origin',(62.7739902239342,64.8192580758418,13.7376592581165));
#3138=CARTESIAN_POINT('',(5.,25.,13.7376592581165));
#3139=CARTESIAN_POINT('',(5.,5.,13.7376592581165));
#3140=CARTESIAN_POINT('',(5.,2.5,13.7376592581165));
#3141=CARTESIAN_POINT('',(-15.,5.,13.7376592581165));
#3142=CARTESIAN_POINT('',(-22.4975159676046,5.,13.7376592581165));
#3143=CARTESIAN_POINT('',(-15.,25.,13.7376592581165));
#3144=CARTESIAN_POINT('',(-15.,-7.5,13.7376592581165));
#3145=CARTESIAN_POINT('',(-32.4975159676046,25.,13.7376592581165));
#3146=CARTESIAN_POINT('',(15.0075001202831,75.,13.7376592581165));
#3147=CARTESIAN_POINT('',(15.0075001202831,54.7502471126042,13.7376592581165));
#3148=CARTESIAN_POINT('',(15.0075001202831,27.5,13.7376592581165));
#3149=CARTESIAN_POINT('',(-40.,54.7502471126042,13.7376592581165));
#3150=CARTESIAN_POINT('',(-17.493765907463,54.7502471126042,13.7376592581165));
#3151=CARTESIAN_POINT('',(-40.,75.,13.7376592581165));
#3152=CARTESIAN_POINT('',(-40.,17.3751235563021,13.7376592581165));
#3153=CARTESIAN_POINT('',(-44.9975159676046,75.,13.7376592581165));
#3154=CARTESIAN_POINT('',(5.,50.,13.7376592581165));
#3155=CARTESIAN_POINT('',(5.,30.,13.7376592581165));
#3156=CARTESIAN_POINT('',(5.,15.,13.7376592581165));
#3157=CARTESIAN_POINT('',(-15.,30.,13.7376592581165));
#3158=CARTESIAN_POINT('',(-22.4975159676046,30.,13.7376592581165));
#3159=CARTESIAN_POINT('',(-15.,50.,13.7376592581165));
#3160=CARTESIAN_POINT('',(-15.,5.,13.7376592581165));
#3161=CARTESIAN_POINT('',(-32.4975159676046,50.,13.7376592581165));
#3162=CARTESIAN_POINT('',(30.,25.,13.7376592581165));
#3163=CARTESIAN_POINT('',(30.,5.,13.7376592581165));
#3164=CARTESIAN_POINT('',(30.,2.5,13.7376592581165));
#3165=CARTESIAN_POINT('',(10.,5.,13.7376592581165));
#3166=CARTESIAN_POINT('',(-9.9975159676046,5.,13.7376592581165));
#3167=CARTESIAN_POINT('',(10.,25.,13.7376592581165));
#3168=CARTESIAN_POINT('',(10.,-7.5,13.7376592581165));
#3169=CARTESIAN_POINT('',(-19.9975159676046,25.,13.7376592581165));
#3170=CARTESIAN_POINT('',(55.,0.,13.7376592581165));
#3171=CARTESIAN_POINT('',(55.,-20.,13.7376592581165));
#3172=CARTESIAN_POINT('',(55.,-10.,13.7376592581165));
#3173=CARTESIAN_POINT('',(35.,-20.,13.7376592581165));
#3174=CARTESIAN_POINT('',(2.5024840323954,-20.,13.7376592581165));
#3175=CARTESIAN_POINT('',(35.,0.,13.7376592581165));
#3176=CARTESIAN_POINT('',(35.,-20.,13.7376592581165));
#3177=CARTESIAN_POINT('',(-7.4975159676046,0.,13.7376592581165));
#3178=CARTESIAN_POINT('',(5.,0.,13.7376592581165));
#3179=CARTESIAN_POINT('',(5.,-20.,13.7376592581165));
#3180=CARTESIAN_POINT('',(5.,-10.,13.7376592581165));
#3181=CARTESIAN_POINT('',(-15.,-20.,13.7376592581165));
#3182=CARTESIAN_POINT('',(-22.4975159676046,-20.,13.7376592581165));
#3183=CARTESIAN_POINT('',(-15.,0.,13.7376592581165));
#3184=CARTESIAN_POINT('',(-15.,-20.,13.7376592581165));
#3185=CARTESIAN_POINT('',(-32.4975159676046,0.,13.7376592581165));
#3186=CARTESIAN_POINT('',(75.,50.,13.7376592581165));
#3187=CARTESIAN_POINT('',(75.,30.,13.7376592581165));
#3188=CARTESIAN_POINT('',(75.,15.,13.7376592581165));
#3189=CARTESIAN_POINT('',(55.,30.,13.7376592581165));
#3190=CARTESIAN_POINT('',(12.5024840323954,30.,13.7376592581165));
#3191=CARTESIAN_POINT('',(55.,50.,13.7376592581165));
#3192=CARTESIAN_POINT('',(55.,5.,13.7376592581165));
#3193=CARTESIAN_POINT('',(2.5024840323954,50.,13.7376592581165));
#3194=CARTESIAN_POINT('',(-20.,25.,13.7376592581165));
#3195=CARTESIAN_POINT('',(-20.,5.,13.7376592581165));
#3196=CARTESIAN_POINT('',(-20.,2.5,13.7376592581165));
#3197=CARTESIAN_POINT('',(-40.,5.,13.7376592581165));
#3198=CARTESIAN_POINT('',(-34.9975159676046,5.,13.7376592581165));
#3199=CARTESIAN_POINT('',(-40.,25.,13.7376592581165));
#3200=CARTESIAN_POINT('',(-40.,-7.5,13.7376592581165));
#3201=CARTESIAN_POINT('',(-44.9975159676046,25.,13.7376592581165));
#3202=CARTESIAN_POINT('',(-20.,50.,13.7376592581165));
#3203=CARTESIAN_POINT('',(-20.,30.,13.7376592581165));
#3204=CARTESIAN_POINT('',(-20.,15.,13.7376592581165));
#3205=CARTESIAN_POINT('',(-40.,30.,13.7376592581165));
#3206=CARTESIAN_POINT('',(-34.9975159676046,30.,13.7376592581165));
#3207=CARTESIAN_POINT('',(-40.,50.,13.7376592581165));
#3208=CARTESIAN_POINT('',(-40.,5.,13.7376592581165));
#3209=CARTESIAN_POINT('',(-44.9975159676046,50.,13.7376592581165));
#3210=CARTESIAN_POINT('',(30.,50.,13.7376592581165));
#3211=CARTESIAN_POINT('',(30.,30.,13.7376592581165));
#3212=CARTESIAN_POINT('',(30.,15.,13.7376592581165));
#3213=CARTESIAN_POINT('',(10.,30.,13.7376592581165));
#3214=CARTESIAN_POINT('',(-9.9975159676046,30.,13.7376592581165));
#3215=CARTESIAN_POINT('',(10.,50.,13.7376592581165));
#3216=CARTESIAN_POINT('',(10.,5.,13.7376592581165));
#3217=CARTESIAN_POINT('',(-19.9975159676046,50.,13.7376592581165));
#3218=CARTESIAN_POINT('',(55.,25.,13.7376592581165));
#3219=CARTESIAN_POINT('',(55.,5.,13.7376592581165));
#3220=CARTESIAN_POINT('',(55.,2.5,13.7376592581165));
#3221=CARTESIAN_POINT('',(35.,5.,13.7376592581165));
#3222=CARTESIAN_POINT('',(2.5024840323954,5.,13.7376592581165));
#3223=CARTESIAN_POINT('',(35.,25.,13.7376592581165));
#3224=CARTESIAN_POINT('',(35.,-7.5,13.7376592581165));
#3225=CARTESIAN_POINT('',(-7.4975159676046,25.,13.7376592581165));
#3226=CARTESIAN_POINT('',(30.,0.,13.7376592581165));
#3227=CARTESIAN_POINT('',(30.,-20.,13.7376592581165));
#3228=CARTESIAN_POINT('',(30.,-10.,13.7376592581165));
#3229=CARTESIAN_POINT('',(10.,-20.,13.7376592581165));
#3230=CARTESIAN_POINT('',(-9.9975159676046,-20.,13.7376592581165));
#3231=CARTESIAN_POINT('',(10.,0.,13.7376592581165));
#3232=CARTESIAN_POINT('',(10.,-20.,13.7376592581165));
#3233=CARTESIAN_POINT('',(-19.9975159676046,0.,13.7376592581165));
#3234=CARTESIAN_POINT('Origin',(80.0100321757754,-20.,13.7376592581165));
#3235=CARTESIAN_POINT('',(80.0100321757754,-24.5000001490116,11.7400005576201));
#3236=CARTESIAN_POINT('Origin',(-40.,0.,13.7376592581165));
#3237=CARTESIAN_POINT('',(-20.,0.,13.7376592581165));
#3238=CARTESIAN_POINT('',(-40.,0.,13.7376592581165));
#3239=CARTESIAN_POINT('Origin',(-20.,0.,13.7376592581165));
#3240=CARTESIAN_POINT('',(-20.,-20.,13.7376592581165));
#3241=CARTESIAN_POINT('Origin',(-20.,-20.,13.7376592581165));
#3242=CARTESIAN_POINT('',(-40.,-20.,13.7376592581165));
#3243=CARTESIAN_POINT('Origin',(-40.,-20.,13.7376592581165));
#3244=CARTESIAN_POINT('Origin',(62.7739902239342,64.8192580758418,13.7376592581165));
#3245=CARTESIAN_POINT('',(73.4096623311864,64.8192580758418,13.7376592581165));
#3246=CARTESIAN_POINT('Origin',(-15.,25.,13.7376592581165));
#3247=CARTESIAN_POINT('',(5.,25.,13.7376592581165));
#3248=CARTESIAN_POINT('',(-15.,25.,13.7376592581165));
#3249=CARTESIAN_POINT('Origin',(5.,25.,13.7376592581165));
#3250=CARTESIAN_POINT('',(5.,5.,13.7376592581165));
#3251=CARTESIAN_POINT('Origin',(5.,5.,13.7376592581165));
#3252=CARTESIAN_POINT('',(-15.,5.,13.7376592581165));
#3253=CARTESIAN_POINT('Origin',(-15.,5.,13.7376592581165));
#3254=CARTESIAN_POINT('Origin',(-40.,75.,13.7376592581165));
#3255=CARTESIAN_POINT('',(15.0075001202831,75.,13.7376592581165));
#3256=CARTESIAN_POINT('',(-40.,75.,13.7376592581165));
#3257=CARTESIAN_POINT('Origin',(15.0075001202831,75.,13.7376592581165));
#3258=CARTESIAN_POINT('',(15.0075001202831,54.7502471126042,13.7376592581165));
#3259=CARTESIAN_POINT('Origin',(15.0075001202831,54.7502471126042,13.7376592581165));
#3260=CARTESIAN_POINT('',(-40.,54.7502471126042,13.7376592581165));
#3261=CARTESIAN_POINT('Origin',(-40.,54.7502471126042,13.7376592581165));
#3262=CARTESIAN_POINT('Origin',(-15.,50.,13.7376592581165));
#3263=CARTESIAN_POINT('',(5.,50.,13.7376592581165));
#3264=CARTESIAN_POINT('',(-15.,50.,13.7376592581165));
#3265=CARTESIAN_POINT('Origin',(5.,50.,13.7376592581165));
#3266=CARTESIAN_POINT('',(5.,30.,13.7376592581165));
#3267=CARTESIAN_POINT('Origin',(5.,30.,13.7376592581165));
#3268=CARTESIAN_POINT('',(-15.,30.,13.7376592581165));
#3269=CARTESIAN_POINT('Origin',(-15.,30.,13.7376592581165));
#3270=CARTESIAN_POINT('Origin',(10.,25.,13.7376592581165));
#3271=CARTESIAN_POINT('',(30.,25.,13.7376592581165));
#3272=CARTESIAN_POINT('',(10.,25.,13.7376592581165));
#3273=CARTESIAN_POINT('Origin',(30.,25.,13.7376592581165));
#3274=CARTESIAN_POINT('',(30.,5.,13.7376592581165));
#3275=CARTESIAN_POINT('Origin',(30.,5.,13.7376592581165));
#3276=CARTESIAN_POINT('',(10.,5.,13.7376592581165));
#3277=CARTESIAN_POINT('Origin',(10.,5.,13.7376592581165));
#3278=CARTESIAN_POINT('Origin',(35.,0.,13.7376592581165));
#3279=CARTESIAN_POINT('',(55.,0.,13.7376592581165));
#3280=CARTESIAN_POINT('',(35.,0.,13.7376592581165));
#3281=CARTESIAN_POINT('Origin',(55.,0.,13.7376592581165));
#3282=CARTESIAN_POINT('',(55.,-20.,13.7376592581165));
#3283=CARTESIAN_POINT('Origin',(55.,-20.,13.7376592581165));
#3284=CARTESIAN_POINT('',(35.,-20.,13.7376592581165));
#3285=CARTESIAN_POINT('Origin',(35.,-20.,13.7376592581165));
#3286=CARTESIAN_POINT('Origin',(-15.,0.,13.7376592581165));
#3287=CARTESIAN_POINT('',(5.,0.,13.7376592581165));
#3288=CARTESIAN_POINT('',(-15.,0.,13.7376592581165));
#3289=CARTESIAN_POINT('Origin',(5.,0.,13.7376592581165));
#3290=CARTESIAN_POINT('',(5.,-20.,13.7376592581165));
#3291=CARTESIAN_POINT('Origin',(5.,-20.,13.7376592581165));
#3292=CARTESIAN_POINT('',(-15.,-20.,13.7376592581165));
#3293=CARTESIAN_POINT('Origin',(-15.,-20.,13.7376592581165));
#3294=CARTESIAN_POINT('Origin',(55.,50.,13.7376592581165));
#3295=CARTESIAN_POINT('',(75.,50.,13.7376592581165));
#3296=CARTESIAN_POINT('',(55.,50.,13.7376592581165));
#3297=CARTESIAN_POINT('Origin',(75.,50.,13.7376592581165));
#3298=CARTESIAN_POINT('',(75.,30.,13.7376592581165));
#3299=CARTESIAN_POINT('Origin',(75.,30.,13.7376592581165));
#3300=CARTESIAN_POINT('',(55.,30.,13.7376592581165));
#3301=CARTESIAN_POINT('Origin',(55.,30.,13.7376592581165));
#3302=CARTESIAN_POINT('Origin',(-40.,25.,13.7376592581165));
#3303=CARTESIAN_POINT('',(-20.,25.,13.7376592581165));
#3304=CARTESIAN_POINT('',(-40.,25.,13.7376592581165));
#3305=CARTESIAN_POINT('Origin',(-20.,25.,13.7376592581165));
#3306=CARTESIAN_POINT('',(-20.,5.,13.7376592581165));
#3307=CARTESIAN_POINT('Origin',(-20.,5.,13.7376592581165));
#3308=CARTESIAN_POINT('',(-40.,5.,13.7376592581165));
#3309=CARTESIAN_POINT('Origin',(-40.,5.,13.7376592581165));
#3310=CARTESIAN_POINT('Origin',(-40.,50.,13.7376592581165));
#3311=CARTESIAN_POINT('',(-20.,50.,13.7376592581165));
#3312=CARTESIAN_POINT('',(-40.,50.,13.7376592581165));
#3313=CARTESIAN_POINT('Origin',(-20.,50.,13.7376592581165));
#3314=CARTESIAN_POINT('',(-20.,30.,13.7376592581165));
#3315=CARTESIAN_POINT('Origin',(-20.,30.,13.7376592581165));
#3316=CARTESIAN_POINT('',(-40.,30.,13.7376592581165));
#3317=CARTESIAN_POINT('Origin',(-40.,30.,13.7376592581165));
#3318=CARTESIAN_POINT('Origin',(10.,50.,13.7376592581165));
#3319=CARTESIAN_POINT('',(30.,50.,13.7376592581165));
#3320=CARTESIAN_POINT('',(10.,50.,13.7376592581165));
#3321=CARTESIAN_POINT('Origin',(30.,50.,13.7376592581165));
#3322=CARTESIAN_POINT('',(30.,30.,13.7376592581165));
#3323=CARTESIAN_POINT('Origin',(30.,30.,13.7376592581165));
#3324=CARTESIAN_POINT('',(10.,30.,13.7376592581165));
#3325=CARTESIAN_POINT('Origin',(10.,30.,13.7376592581165));
#3326=CARTESIAN_POINT('Origin',(35.,25.,13.7376592581165));
#3327=CARTESIAN_POINT('',(55.,25.,13.7376592581165));
#3328=CARTESIAN_POINT('',(35.,25.,13.7376592581165));
#3329=CARTESIAN_POINT('Origin',(55.,25.,13.7376592581165));
#3330=CARTESIAN_POINT('',(55.,5.,13.7376592581165));
#3331=CARTESIAN_POINT('Origin',(55.,5.,13.7376592581165));
#3332=CARTESIAN_POINT('',(35.,5.,13.7376592581165));
#3333=CARTESIAN_POINT('Origin',(35.,5.,13.7376592581165));
#3334=CARTESIAN_POINT('Origin',(10.,0.,13.7376592581165));
#3335=CARTESIAN_POINT('',(30.,0.,13.7376592581165));
#3336=CARTESIAN_POINT('',(10.,0.,13.7376592581165));
#3337=CARTESIAN_POINT('Origin',(30.,0.,13.7376592581165));
#3338=CARTESIAN_POINT('',(30.,-20.,13.7376592581165));
#3339=CARTESIAN_POINT('Origin',(30.,-20.,13.7376592581165));
#3340=CARTESIAN_POINT('',(10.,-20.,13.7376592581165));
#3341=CARTESIAN_POINT('Origin',(10.,-20.,13.7376592581165));
#3342=CARTESIAN_POINT('Origin',(80.0200038007461,-25.0000002980232,11.7400005576201));
#3343=CARTESIAN_POINT('',(80.0156866777078,25.4999998509884,11.7400005576201));
#3344=CARTESIAN_POINT('Origin',(82.122164544791,80.,4.12100005960465));
#3345=CARTESIAN_POINT('',(82.122164544791,25.4999998509884,8.68203505921466));
#3346=CARTESIAN_POINT('Origin',(-52.1214864439725,-25.0000002980232,4.12100005960465));
#3347=CARTESIAN_POINT('',(-52.1204863502644,25.4347056817886,4.1200001956895));
#3348=CARTESIAN_POINT('Origin',(0.,79.8694116616005,10.6200001956895));
#3349=CARTESIAN_POINT('',(0.,79.8694116616005,4.1200001956895));
#3350=CARTESIAN_POINT('Origin',(0.,79.8694116616005,4.1200001956895));
#3351=CARTESIAN_POINT('Origin',(80.0100426373715,80.,11.7456781505186));
#3352=CARTESIAN_POINT('Origin',(82.1205165588565,-25.0000002980232,4.12100005960465));
#3353=CARTESIAN_POINT('',(82.1205165588565,-25.0000002980232,4.12100005960465));
#3354=CARTESIAN_POINT('Origin',(80.0000037997961,-25.0000002980232,1.99999995529652));
#3355=CARTESIAN_POINT('Origin',(-49.9900023743976,-25.0000002980232,11.7400005576201));
#3356=UNCERTAINTY_MEASURE_WITH_UNIT(LENGTH_MEASURE(0.01),#3360,
'DISTANCE_ACCURACY_VALUE',
'Maximum model space distance between geometric entities at asserted c
onnectivities');
#3357=UNCERTAINTY_MEASURE_WITH_UNIT(LENGTH_MEASURE(0.01),#3360,
'DISTANCE_ACCURACY_VALUE',
'Maximum model space distance between geometric entities at asserted c
onnectivities');
#3358=(
GEOMETRIC_REPRESENTATION_CONTEXT(3)
GLOBAL_UNCERTAINTY_ASSIGNED_CONTEXT((#3356))
GLOBAL_UNIT_ASSIGNED_CONTEXT((#3360,#3362,#3363))
REPRESENTATION_CONTEXT('','3D')
);
#3359=(
GEOMETRIC_REPRESENTATION_CONTEXT(3)
GLOBAL_UNCERTAINTY_ASSIGNED_CONTEXT((#3357))
GLOBAL_UNIT_ASSIGNED_CONTEXT((#3360,#3362,#3363))
REPRESENTATION_CONTEXT('','3D')
);
#3360=(
LENGTH_UNIT()
NAMED_UNIT(*)
SI_UNIT(.MILLI.,.METRE.)
);
#3361=(
LENGTH_UNIT()
NAMED_UNIT(*)
SI_UNIT($,.METRE.)
);
#3362=(
NAMED_UNIT(*)
PLANE_ANGLE_UNIT()
SI_UNIT($,.RADIAN.)
);
#3363=(
NAMED_UNIT(*)
SI_UNIT($,.STERADIAN.)
SOLID_ANGLE_UNIT()
);
#3364=SHAPE_DEFINITION_REPRESENTATION(#3365,#3366);
#3365=PRODUCT_DEFINITION_SHAPE('',$,#3368);
#3366=SHAPE_REPRESENTATION('',(#2163),#3358);
#3367=PRODUCT_DEFINITION_CONTEXT('part definition',#3372,'design');
#3368=PRODUCT_DEFINITION('2026-07-10-16-21-53-836','Macropad_Case',#3369,
#3367);
#3369=PRODUCT_DEFINITION_FORMATION('',$,#3374);
#3370=PRODUCT_RELATED_PRODUCT_CATEGORY('Macropad_Case','Macropad_Case',
(#3374));
#3371=APPLICATION_PROTOCOL_DEFINITION('international standard',
'automotive_design',2009,#3372);
#3372=APPLICATION_CONTEXT(
'Core Data for Automotive Mechanical Design Process');
#3373=PRODUCT_CONTEXT('part definition',#3372,'mechanical');
#3374=PRODUCT('2026-07-10-16-21-53-836','Macropad_Case',$,(#3373));
#3375=PRESENTATION_STYLE_ASSIGNMENT((#3376));
#3376=SURFACE_STYLE_USAGE(.BOTH.,#3377);
#3377=SURFACE_SIDE_STYLE('',(#3378));
#3378=SURFACE_STYLE_FILL_AREA(#3379);
#3379=FILL_AREA_STYLE('Steel - Satin',(#3380));
#3380=FILL_AREA_STYLE_COLOUR('Steel - Satin',#3381);
#3381=COLOUR_RGB('Steel - Satin',0.627450980392157,0.627450980392157,0.627450980392157);
ENDSEC;
END-ISO-10303-21;
